Entity,,,,,Accounts,Accounts,Accounts,Accounts,Accounts,Accounts,Accounts,Accounts,Accounts,Accounts,Accounts,Accounts,Accounts,Accounts,Accounts,Accounts,Screening Sessions,Screening Sessions,Screening Sessions,Screening Sessions,Screening Sessions,Screening Sessions,Screening Sessions,Screening Sessions,Screening Sessions,Screening Sessions,Screening Sessions,Screening Sessions,Appointments,Appointments,Appointments,Appointments,Appointments,Appointments,Appointments,Appointments,Appointments,Appointments,Appointments,Appointments,Appointments,Appointments,Appointments,Appointments,Appointments,Appointments,Appointments,Appointments,Appointments,Appointments,Appointments,Appointments,Group Sessions,Group Sessions,Content Views,Content Views,Content Views,Content Views,Content Views,Content Views,Content Views,Content Views,Content Views,Content Views,Content Views,Content Views
Group,,,,,Aggregate,Aggregate,Account Type,Account Type,Account Type,Account Type,Account Source,Account Source,Account Source,Account Source,Account Source,Account Source,Account Source,Account Source,Account Source,Account Source,Aggregate,Aggregate,Triage Level,Triage Level,Triage Level,Triage Level,Triage Level,Triage Level,Crisis Flag,Crisis Flag,Crisis Flag,Crisis Flag,Aggregate,Aggregate,Clinical Level,Clinical Level,Clinical Level,Clinical Level,Provider Role,Provider Role,Provider Role,Provider Role,Provider Role,Provider Role,Provider Role,Provider Role,Provider Role,Provider Role,Provider Role,Provider Role,Provider Role,Provider Role,Provider Role,Provider Role,Provider Role,Provider Role,Aggregate,Aggregate,Aggregate,Aggregate,Content Type,Content Type,Content Type,Content Type,Content Type,Content Type,Content Type,Content Type,Content Type,Content Type
Metric,,,,,Total,Total_Studio_Pct,Anonymous,Anonymous_Studio_Pct,Verified,Verified_Studio_Pct,Anonymous,Anonymous_Studio_Pct,Email_password,Email_password_Studio_Pct,Penn_key_sso,Penn_key_sso_Studio_Pct,Penn_mpm_sso,Penn_mpm_sso_Studio_Pct,Penn_sso,Penn_sso_Studio_Pct,Total,Total_Studio_Pct,Mild,Mild_Studio_Pct,Moderate,Moderate_Studio_Pct,Severe,Severe_Studio_Pct,No,No_Studio_Pct,Yes,Yes_Studio_Pct,Total,Total_Studio_Pct,Clinical,Clinical_Studio_Pct,Sub-clinical,Sub-clinical_Studio_Pct,Care_manager,Care_manager_Studio_Pct,Chaplain,Chaplain_Studio_Pct,Clinician,Clinician_Studio_Pct,Coach,Coach_Studio_Pct,Other,Other_Studio_Pct,Peer,Peer_Studio_Pct,Psychiatrist,Psychiatrist_Studio_Pct,Psychologist,Psychologist_Studio_Pct,Undefined,Undefined_Studio_Pct,Total,Total_Studio_Pct,Total,Total_Studio_Pct,App,App_Studio_Pct,Article,Article_Studio_Pct,Podcast,Podcast_Studio_Pct,Video,Video_Studio_Pct,Worksheet,Worksheet_Studio_Pct
Year,Screening Session,Connect with Support,In the Studio,On Your Time,,,,,,,,,,,,,,,,,,,,,,,,,,,,,,,,,,,,,,,,,,,,,,,,,,,,,,,,,,,,,,,,,,
2020,0,0,0,0,9684.0,0.8338930508912425,7551.0,0.8539923094322551,2133.0,0.7697582100324792,7551.0,0.8539923094322551,1.0,1.0,337.0,0.8663239074550129,0.0,,1795.0,0.753884922301554,0.0,,0.0,,0.0,,0.0,,0.0,,0.0,,0.0,,0.0,,0.0,,0.0,,0.0,,0.0,,0.0,,0.0,,0.0,,0.0,,0.0,,0.0,,0.0,,0.0,0.0,0.0,,0.0,0.0,0.0,0.0,0.0,0.0,0.0,0.0
2020,0,0,0,1,1929.0,0.16610694910875742,1291.0,0.14600769056774485,638.0,0.23024178996752076,1291.0,0.14600769056774485,0.0,0.0,52.0,0.13367609254498714,0.0,,586.0,0.24611507769844604,0.0,,0.0,,0.0,,0.0,,0.0,,0.0,,0.0,,0.0,,0.0,,0.0,,0.0,,0.0,,0.0,,0.0,,0.0,,0.0,,0.0,,0.0,,0.0,,3805.0,1.0,0.0,,1669.0,1.0,640.0,1.0,1324.0,1.0,172.0,1.0
2020,0,0,1,0,212.0,0.53,17.0,0.4722222222222222,195.0,0.5357142857142857,17.0,0.4722222222222222,0.0,,20.0,0.8,0.0,,175.0,0.5162241887905604,0.0,,0.0,,0.0,,0.0,,0.0,,0.0,,0.0,,0.0,,0.0,,0.0,,0.0,,0.0,,0.0,,0.0,,0.0,,0.0,,0.0,,0.0,,3.0,1.0,0.0,0.0,0.0,,0.0,0.0,0.0,0.0,0.0,0.0,0.0,0.0
2020,0,0,1,1,188.0,0.47,19.0,0.5277777777777778,169.0,0.4642857142857143,19.0,0.5277777777777778,0.0,,5.0,0.2,0.0,,164.0,0.4837758112094395,0.0,,0.0,,0.0,,0.0,,0.0,,0.0,,0.0,,0.0,,0.0,,0.0,,0.0,,0.0,,0.0,,0.0,,0.0,,0.0,,0.0,,0.0,,0.0,0.0,349.0,1.0,0.0,,174.0,1.0,43.0,1.0,117.0,1.0,15.0,1.0
2020,0,1,0,0,293.0,0.8932926829268293,224.0,0.9142857142857143,69.0,0.8313253012048193,224.0,0.9142857142857143,0.0,,7.0,0.875,0.0,,62.0,0.8266666666666667,0.0,,0.0,,0.0,,0.0,,0.0,,0.0,,353.0,0.8847117794486216,192.0,0.8930232558139535,161.0,0.875,0.0,,5.0,0.625,145.0,0.9294871794871795,152.0,0.8888888888888888,0.0,0.0,4.0,1.0,47.0,0.7966101694915254,0.0,,0.0,,0.0,,0.0,0.0,0.0,,0.0,0.0,0.0,0.0,0.0,0.0,0.0,0.0
2020,0,1,0,1,35.0,0.10670731707317073,21.0,0.08571428571428572,14.0,0.1686746987951807,21.0,0.08571428571428572,0.0,,1.0,0.125,0.0,,13.0,0.17333333333333334,0.0,,0.0,,0.0,,0.0,,0.0,,0.0,,46.0,0.11528822055137844,23.0,0.10697674418604651,23.0,0.125,0.0,,3.0,0.375,11.0,0.07051282051282051,19.0,0.1111111111111111,1.0,1.0,0.0,0.0,12.0,0.2033898305084746,0.0,,0.0,,0.0,,72.0,1.0,0.0,,26.0,1.0,22.0,1.0,20.0,1.0,4.0,1.0
2020,0,1,1,0,13.0,0.38235294117647056,2.0,0.3333333333333333,11.0,0.39285714285714285,2.0,0.3333333333333333,0.0,,3.0,0.375,0.0,,8.0,0.4,0.0,,0.0,,0.0,,0.0,,0.0,,0.0,,6.0,0.3,2.0,0.2222222222222222,4.0,0.36363636363636365,0.0,,1.0,0.3333333333333333,2.0,0.2222222222222222,3.0,0.375,0.0,,0.0,,0.0,,0.0,,0.0,,1.0,0.2,0.0,0.0,0.0,,0.0,0.0,0.0,0.0,0.0,0.0,0.0,0.0
2020,0,1,1,1,21.0,0.6176470588235294,4.0,0.6666666666666666,17.0,0.6071428571428571,4.0,0.6666666666666666,0.0,,5.0,0.625,0.0,,12.0,0.6,0.0,,0.0,,0.0,,0.0,,0.0,,0.0,,14.0,0.7,7.0,0.7777777777777778,7.0,0.6363636363636364,0.0,,2.0,0.6666666666666666,7.0,0.7777777777777778,5.0,0.625,0.0,,0.0,,0.0,,0.0,,0.0,,4.0,0.8,133.0,1.0,0.0,,55.0,1.0,11.0,1.0,62.0,1.0,5.0,1.0
2020,1,0,0,0,416.0,0.8062015503875969,190.0,0.8189655172413793,226.0,0.795774647887324,190.0,0.8189655172413793,0.0,,41.0,0.8723404255319149,0.0,,185.0,0.7805907172995781,387.0,0.821656050955414,200.0,0.8,151.0,0.8531073446327684,36.0,0.8181818181818182,339.0,0.8228155339805825,48.0,0.8135593220338984,0.0,,0.0,,0.0,,0.0,,0.0,,0.0,,0.0,,0.0,,0.0,,0.0,,0.0,,0.0,,0.0,,0.0,0.0,0.0,,0.0,0.0,0.0,0.0,0.0,0.0,0.0,0.0
2020,1,0,0,1,100.0,0.1937984496124031,42.0,0.1810344827586207,58.0,0.20422535211267606,42.0,0.1810344827586207,0.0,,6.0,0.1276595744680851,0.0,,52.0,0.21940928270042195,84.0,0.17834394904458598,50.0,0.2,26.0,0.14689265536723164,8.0,0.18181818181818182,73.0,0.17718446601941748,11.0,0.1864406779661017,0.0,,0.0,,0.0,,0.0,,0.0,,0.0,,0.0,,0.0,,0.0,,0.0,,0.0,,0.0,,0.0,,276.0,1.0,0.0,,129.0,1.0,91.0,1.0,42.0,1.0,14.0,1.0
2020,1,0,1,0,25.0,0.46296296296296297,1.0,0.5,24.0,0.46153846153846156,1.0,0.5,0.0,,4.0,0.4444444444444444,0.0,,20.0,0.46511627906976744,17.0,0.4722222222222222,12.0,0.46153846153846156,4.0,0.4444444444444444,1.0,1.0,16.0,0.47058823529411764,1.0,0.5,0.0,,0.0,,0.0,,0.0,,0.0,,0.0,,0.0,,0.0,,0.0,,0.0,,0.0,,0.0,,0.0,0.0,0.0,0.0,0.0,,0.0,0.0,0.0,0.0,0.0,0.0,0.0,0.0
2020,1,0,1,1,29.0,0.5370370370370371,1.0,0.5,28.0,0.5384615384615384,1.0,0.5,0.0,,5.0,0.5555555555555556,0.0,,23.0,0.5348837209302325,19.0,0.5277777777777778,14.0,0.5384615384615384,5.0,0.5555555555555556,0.0,0.0,18.0,0.5294117647058824,1.0,0.5,0.0,,0.0,,0.0,,0.0,,0.0,,0.0,,0.0,,0.0,,0.0,,0.0,,0.0,,0.0,,1.0,1.0,42.0,1.0,0.0,,26.0,1.0,2.0,1.0,10.0,1.0,4.0,1.0
2020,1,1,0,0,423.0,0.8134615384615385,103.0,0.8583333333333333,320.0,0.8,103.0,0.8583333333333333,0.0,,46.0,0.8679245283018868,0.0,,274.0,0.7896253602305475,383.0,0.8201284796573876,117.0,0.8125,217.0,0.8007380073800738,49.0,0.9423076923076923,335.0,0.8111380145278451,48.0,0.8888888888888888,719.0,0.7789815817984832,595.0,0.7747395833333334,124.0,0.8,2.0,1.0,3.0,0.5,417.0,0.7354497354497355,114.0,0.8085106382978723,0.0,,5.0,0.8333333333333334,178.0,0.8855721393034826,0.0,,0.0,,0.0,,0.0,0.0,0.0,,0.0,0.0,0.0,0.0,0.0,0.0,0.0,0.0
2020,1,1,0,1,97.0,0.18653846153846154,17.0,0.14166666666666666,80.0,0.2,17.0,0.14166666666666666,0.0,,7.0,0.1320754716981132,0.0,,73.0,0.21037463976945245,84.0,0.17987152034261242,27.0,0.1875,54.0,0.1992619926199262,3.0,0.057692307692307696,78.0,0.18886198547215496,6.0,0.1111111111111111,204.0,0.2210184182015168,173.0,0.22526041666666666,31.0,0.2,0.0,0.0,3.0,0.5,150.0,0.26455026455026454,27.0,0.19148936170212766,0.0,,1.0,0.16666666666666666,23.0,0.11442786069651742,0.0,,0.0,,0.0,,298.0,1.0,0.0,,169.0,1.0,51.0,1.0,62.0,1.0,16.0,1.0
2020,1,1,1,0,42.0,0.5384615384615384,1.0,0.5,41.0,0.5394736842105263,1.0,0.5,0.0,,2.0,0.6666666666666666,0.0,,39.0,0.5342465753424658,26.0,0.49056603773584906,12.0,0.5714285714285714,14.0,0.45161290322580644,0.0,0.0,25.0,0.5102040816326531,1.0,0.25,26.0,0.2708333333333333,17.0,0.22972972972972974,9.0,0.4090909090909091,0.0,,0.0,0.0,15.0,0.24193548387096775,9.0,0.42857142857142855,0.0,,0.0,,2.0,0.16666666666666666,0.0,,0.0,,2.0,1.0,0.0,0.0,0.0,,0.0,0.0,0.0,0.0,0.0,0.0,0.0,0.0
2020,1,1,1,1,36.0,0.46153846153846156,1.0,0.5,35.0,0.4605263157894737,1.0,0.5,0.0,,1.0,0.3333333333333333,0.0,,34.0,0.4657534246575342,27.0,0.5094339622641509,9.0,0.42857142857142855,17.0,0.5483870967741935,1.0,1.0,24.0,0.4897959183673469,3.0,0.75,70.0,0.7291666666666666,57.0,0.7702702702702703,13.0,0.5909090909090909,0.0,,1.0,1.0,47.0,0.7580645161290323,12.0,0.5714285714285714,0.0,,0.0,,10.0,0.8333333333333334,0.0,,0.0,,0.0,0.0,78.0,1.0,0.0,,41.0,1.0,12.0,1.0,15.0,1.0,10.0,1.0
2021,0,0,0,0,9113.0,0.8875146084924036,8034.0,0.9050354849611355,1079.0,0.7757009345794392,8034.0,0.9050354849611355,0.0,,505.0,0.7593984962406015,88.0,1.0,486.0,0.7617554858934169,0.0,,0.0,,0.0,,0.0,,0.0,,0.0,,0.0,,0.0,,0.0,,0.0,,0.0,,0.0,,0.0,,0.0,,0.0,,0.0,,0.0,,0.0,,0.0,,0.0,0.0,0.0,,0.0,0.0,0.0,0.0,0.0,0.0,0.0,0.0
2021,0,0,0,1,1155.0,0.11248539150759641,843.0,0.09496451503886448,312.0,0.22429906542056074,843.0,0.09496451503886448,0.0,,160.0,0.24060150375939848,0.0,0.0,152.0,0.23824451410658307,0.0,,0.0,,0.0,,0.0,,0.0,,0.0,,0.0,,0.0,,0.0,,0.0,,0.0,,0.0,,0.0,,0.0,,0.0,,0.0,,0.0,,0.0,,0.0,,3275.0,1.0,0.0,,846.0,1.0,1338.0,1.0,1077.0,1.0,14.0,1.0
2021,0,0,1,0,693.0,0.7294736842105263,455.0,0.8168761220825853,238.0,0.6055979643765903,455.0,0.8168761220825853,0.0,,138.0,0.6216216216216216,0.0,,100.0,0.5847953216374269,0.0,,0.0,,0.0,,0.0,,0.0,,0.0,,0.0,,0.0,,0.0,,0.0,,0.0,,0.0,,0.0,,0.0,,0.0,,0.0,,0.0,,0.0,,783.0,0.7414772727272727,0.0,0.0,0.0,,0.0,0.0,0.0,0.0,0.0,0.0,0.0,0.0
2021,0,0,1,1,257.0,0.27052631578947367,102.0,0.18312387791741472,155.0,0.3944020356234097,102.0,0.18312387791741472,0.0,,84.0,0.3783783783783784,0.0,,71.0,0.4152046783625731,0.0,,0.0,,0.0,,0.0,,0.0,,0.0,,0.0,,0.0,,0.0,,0.0,,0.0,,0.0,,0.0,,0.0,,0.0,,0.0,,0.0,,0.0,,273.0,0.2585227272727273,874.0,1.0,0.0,,194.0,1.0,508.0,1.0,170.0,1.0,2.0,1.0
2021,0,1,0,0,561.0,0.9807692307692307,489.0,0.9839034205231388,72.0,0.96,489.0,0.9839034205231388,0.0,,33.0,0.9705882352941176,0.0,,39.0,0.9512195121951219,0.0,,0.0,,0.0,,0.0,,0.0,,0.0,,632.0,0.9708141321044547,520.0,0.9774436090225563,112.0,0.9411764705882353,26.0,1.0,3.0,1.0,495.0,0.9763313609467456,82.0,0.9213483146067416,0.0,,1.0,1.0,25.0,1.0,0.0,,0.0,,0.0,,0.0,0.0,0.0,,0.0,0.0,0.0,0.0,0.0,0.0,0.0,
2021,0,1,0,1,11.0,0.019230769230769232,8.0,0.01609657947686117,3.0,0.04,8.0,0.01609657947686117,0.0,,1.0,0.029411764705882353,0.0,,2.0,0.04878048780487805,0.0,,0.0,,0.0,,0.0,,0.0,,0.0,,19.0,0.029185867895545316,12.0,0.022556390977443608,7.0,0.058823529411764705,0.0,0.0,0.0,0.0,12.0,0.023668639053254437,7.0,0.07865168539325842,0.0,,0.0,0.0,0.0,0.0,0.0,,0.0,,0.0,,15.0,1.0,0.0,,3.0,1.0,6.0,1.0,6.0,1.0,0.0,
2021,0,1,1,0,22.0,0.6666666666666666,12.0,0.8,10.0,0.5555555555555556,12.0,0.8,0.0,,7.0,0.5384615384615384,0.0,,3.0,0.6,0.0,,0.0,,0.0,,0.0,,0.0,,0.0,,20.0,0.46511627906976744,16.0,0.5925925925925926,4.0,0.25,0.0,0.0,0.0,,16.0,0.5925925925925926,4.0,0.2857142857142857,0.0,,0.0,,0.0,,0.0,,0.0,,21.0,0.28,0.0,0.0,0.0,,0.0,0.0,0.0,0.0,0.0,0.0,0.0,
2021,0,1,1,1,11.0,0.3333333333333333,3.0,0.2,8.0,0.4444444444444444,3.0,0.2,0.0,,6.0,0.46153846153846156,0.0,,2.0,0.4,0.0,,0.0,,0.0,,0.0,,0.0,,0.0,,23.0,0.5348837209302325,11.0,0.4074074074074074,12.0,0.75,2.0,1.0,0.0,,11.0,0.4074074074074074,10.0,0.7142857142857143,0.0,,0.0,,0.0,,0.0,,0.0,,54.0,0.72,110.0,1.0,0.0,,63.0,1.0,25.0,1.0,22.0,1.0,0.0,
2021,1,0,0,0,341.0,0.9266304347826086,166.0,0.9485714285714286,175.0,0.9067357512953368,166.0,0.9485714285714286,0.0,,89.0,0.898989898989899,0.0,,86.0,0.9148936170212766,347.0,0.917989417989418,171.0,0.9293478260869565,141.0,0.9038461538461539,35.0,0.9210526315789473,303.0,0.9181818181818182,44.0,0.9166666666666666,0.0,,0.0,,0.0,,0.0,,0.0,,0.0,,0.0,,0.0,,0.0,,0.0,,0.0,,0.0,,0.0,,0.0,0.0,0.0,,0.0,0.0,0.0,0.0,0.0,0.0,0.0,0.0
2021,1,0,0,1,27.0,0.07336956521739131,9.0,0.05142857142857143,18.0,0.09326424870466321,9.0,0.05142857142857143,0.0,,10.0,0.10101010101010101,0.0,,8.0,0.0851063829787234,31.0,0.082010582010582,13.0,0.07065217391304347,15.0,0.09615384615384616,3.0,0.07894736842105263,27.0,0.08181818181818182,4.0,0.08333333333333333,0.0,,0.0,,0.0,,0.0,,0.0,,0.0,,0.0,,0.0,,0.0,,0.0,,0.0,,0.0,,0.0,,91.0,1.0,0.0,,39.0,1.0,37.0,1.0,12.0,1.0,3.0,1.0
2021,1,0,1,0,25.0,0.5813953488372093,5.0,0.7142857142857143,20.0,0.5555555555555556,5.0,0.7142857142857143,0.0,,11.0,0.55,0.0,,9.0,0.5625,29.0,0.5918367346938775,20.0,0.6451612903225806,7.0,0.4666666666666667,2.0,0.6666666666666666,28.0,0.6511627906976745,1.0,0.16666666666666666,0.0,,0.0,,0.0,,0.0,,0.0,,0.0,,0.0,,0.0,,0.0,,0.0,,0.0,,0.0,,16.0,0.3137254901960784,0.0,0.0,0.0,,0.0,0.0,0.0,0.0,0.0,0.0,0.0,0.0
2021,1,0,1,1,18.0,0.4186046511627907,2.0,0.2857142857142857,16.0,0.4444444444444444,2.0,0.2857142857142857,0.0,,9.0,0.45,0.0,,7.0,0.4375,20.0,0.40816326530612246,11.0,0.3548387096774194,8.0,0.5333333333333333,1.0,0.3333333333333333,15.0,0.3488372093023256,5.0,0.8333333333333334,0.0,,0.0,,0.0,,0.0,,0.0,,0.0,,0.0,,0.0,,0.0,,0.0,,0.0,,0.0,,35.0,0.6862745098039216,44.0,1.0,0.0,,12.0,1.0,18.0,1.0,13.0,1.0,1.0,1.0
2021,1,1,0,0,284.0,0.9342105263157895,66.0,0.9565217391304348,218.0,0.9276595744680851,66.0,0.9565217391304348,0.0,,102.0,0.9272727272727272,0.0,,116.0,0.928,301.0,0.9093655589123867,131.0,0.9097222222222222,143.0,0.910828025477707,27.0,0.9,269.0,0.9087837837837838,32.0,0.9142857142857143,583.0,0.8486171761280932,337.0,0.8259803921568627,246.0,0.8817204301075269,112.0,0.9180327868852459,4.0,0.8,219.0,0.7821428571428571,130.0,0.8552631578947368,0.0,,0.0,,118.0,0.921875,0.0,,0.0,,0.0,,0.0,0.0,0.0,,0.0,0.0,0.0,0.0,0.0,0.0,0.0,
2021,1,1,0,1,20.0,0.06578947368421052,3.0,0.043478260869565216,17.0,0.07234042553191489,3.0,0.043478260869565216,0.0,,8.0,0.07272727272727272,0.0,,9.0,0.072,30.0,0.09063444108761329,13.0,0.09027777777777778,14.0,0.08917197452229299,3.0,0.1,27.0,0.09121621621621621,3.0,0.08571428571428572,104.0,0.15138282387190685,71.0,0.17401960784313725,33.0,0.11827956989247312,10.0,0.08196721311475409,1.0,0.2,61.0,0.21785714285714286,22.0,0.14473684210526316,0.0,,0.0,,10.0,0.078125,0.0,,0.0,,0.0,,92.0,1.0,0.0,,26.0,1.0,30.0,1.0,36.0,1.0,0.0,
2021,1,1,1,0,31.0,0.5849056603773585,2.0,0.6666666666666666,29.0,0.58,2.0,0.6666666666666666,0.0,,12.0,0.5,0.0,,17.0,0.6538461538461539,36.0,0.5901639344262295,8.0,0.36363636363636365,25.0,0.7352941176470589,3.0,0.6,29.0,0.58,7.0,0.6363636363636364,53.0,0.4818181818181818,36.0,0.5,17.0,0.4473684210526316,7.0,0.7,1.0,1.0,28.0,0.49122807017543857,9.0,0.3333333333333333,0.0,,0.0,,8.0,0.5333333333333333,0.0,,0.0,,41.0,0.5616438356164384,0.0,0.0,0.0,,0.0,0.0,0.0,0.0,0.0,0.0,0.0,
2021,1,1,1,1,22.0,0.41509433962264153,1.0,0.3333333333333333,21.0,0.42,1.0,0.3333333333333333,0.0,,12.0,0.5,0.0,,9.0,0.34615384615384615,25.0,0.4098360655737705,14.0,0.6363636363636364,9.0,0.2647058823529412,2.0,0.4,21.0,0.42,4.0,0.36363636363636365,57.0,0.5181818181818182,36.0,0.5,21.0,0.5526315789473685,3.0,0.3,0.0,0.0,29.0,0.5087719298245614,18.0,0.6666666666666666,0.0,,0.0,,7.0,0.4666666666666667,0.0,,0.0,,32.0,0.4383561643835616,94.0,1.0,0.0,,32.0,1.0,26.0,1.0,36.0,1.0,0.0,
2022,0,0,0,0,9690.0,0.8693701776422035,7518.0,0.8870796460176991,2172.0,0.8131785847997005,7518.0,0.8870796460176991,0.0,,1513.0,0.8258733624454149,0.0,,659.0,0.7854588796185935,0.0,,0.0,,0.0,,0.0,,0.0,,0.0,,0.0,,0.0,,0.0,,0.0,,0.0,,0.0,,0.0,,0.0,,0.0,,0.0,,0.0,,0.0,,0.0,,0.0,0.0,0.0,0.0,0.0,0.0,0.0,0.0,0.0,0.0,0.0,0.0
2022,0,0,0,1,1456.0,0.13062982235779652,957.0,0.11292035398230088,499.0,0.18682141520029952,957.0,0.11292035398230088,0.0,,319.0,0.17412663755458516,0.0,,180.0,0.21454112038140644,0.0,,0.0,,0.0,,0.0,,0.0,,0.0,,0.0,,0.0,,0.0,,0.0,,0.0,,0.0,,0.0,,0.0,,0.0,,0.0,,0.0,,0.0,,0.0,,5295.0,1.0,1.0,1.0,714.0,1.0,3081.0,1.0,1494.0,1.0,5.0,1.0
2022,0,0,1,0,2250.0,0.823271130625686,1285.0,0.853253652058433,965.0,0.7864710676446618,1285.0,0.853253652058433,0.0,,573.0,0.7903448275862069,0.0,,392.0,0.7808764940239044,0.0,,0.0,,0.0,,0.0,,0.0,,0.0,,0.0,,0.0,,0.0,,0.0,,0.0,,0.0,,0.0,,0.0,,0.0,,0.0,,0.0,,0.0,,4013.0,0.6897559298728085,0.0,0.0,0.0,0.0,0.0,0.0,0.0,0.0,0.0,0.0,0.0,0.0
2022,0,0,1,1,483.0,0.17672886937431395,221.0,0.14674634794156707,262.0,0.21352893235533824,221.0,0.14674634794156707,0.0,,152.0,0.2096551724137931,0.0,,110.0,0.21912350597609562,0.0,,0.0,,0.0,,0.0,,0.0,,0.0,,0.0,,0.0,,0.0,,0.0,,0.0,,0.0,,0.0,,0.0,,0.0,,0.0,,0.0,,0.0,,1805.0,0.31024407012719146,2977.0,1.0,1.0,1.0,324.0,1.0,2020.0,1.0,625.0,1.0,7.0,1.0
2022,0,1,0,0,560.0,0.9523809523809523,385.0,0.9871794871794872,175.0,0.8838383838383839,385.0,0.9871794871794872,0.0,,121.0,0.8581560283687943,0.0,,54.0,0.9473684210526315,0.0,,0.0,,0.0,,0.0,,0.0,,0.0,,685.0,0.9474412171507607,408.0,0.966824644549763,277.0,0.920265780730897,139.0,0.9652777777777778,2.0,1.0,408.0,0.966824644549763,123.0,0.8723404255319149,0.0,,0.0,,0.0,,0.0,,13.0,0.9285714285714286,0.0,,0.0,0.0,0.0,,0.0,0.0,0.0,0.0,0.0,0.0,0.0,
2022,0,1,0,1,28.0,0.047619047619047616,5.0,0.01282051282051282,23.0,0.11616161616161616,5.0,0.01282051282051282,0.0,,20.0,0.14184397163120568,0.0,,3.0,0.05263157894736842,0.0,,0.0,,0.0,,0.0,,0.0,,0.0,,38.0,0.05255878284923928,14.0,0.03317535545023697,24.0,0.07973421926910298,5.0,0.034722222222222224,0.0,0.0,14.0,0.03317535545023697,18.0,0.1276595744680851,0.0,,0.0,,0.0,,0.0,,1.0,0.07142857142857142,0.0,,89.0,1.0,0.0,,52.0,1.0,25.0,1.0,12.0,1.0,0.0,
2022,0,1,1,0,40.0,0.547945205479452,10.0,0.5882352941176471,30.0,0.5357142857142857,10.0,0.5882352941176471,0.0,,24.0,0.5581395348837209,0.0,,6.0,0.46153846153846156,0.0,,0.0,,0.0,,0.0,,0.0,,0.0,,52.0,0.5714285714285714,19.0,0.7037037037037037,33.0,0.515625,9.0,0.391304347826087,1.0,1.0,19.0,0.7037037037037037,22.0,0.5641025641025641,0.0,,0.0,,0.0,,0.0,,1.0,1.0,83.0,0.4689265536723164,0.0,0.0,0.0,,0.0,0.0,0.0,0.0,0.0,0.0,0.0,
2022,0,1,1,1,33.0,0.4520547945205479,7.0,0.4117647058823529,26.0,0.4642857142857143,7.0,0.4117647058823529,0.0,,19.0,0.4418604651162791,0.0,,7.0,0.5384615384615384,0.0,,0.0,,0.0,,0.0,,0.0,,0.0,,39.0,0.42857142857142855,8.0,0.2962962962962963,31.0,0.484375,14.0,0.6086956521739131,0.0,0.0,8.0,0.2962962962962963,17.0,0.4358974358974359,0.0,,0.0,,0.0,,0.0,,0.0,0.0,94.0,0.5310734463276836,66.0,1.0,0.0,,16.0,1.0,28.0,1.0,22.0,1.0,0.0,
2022,1,0,0,0,298.0,0.9254658385093167,111.0,0.888,187.0,0.949238578680203,111.0,0.888,0.0,,148.0,0.9367088607594937,0.0,,39.0,1.0,324.0,0.9,154.0,0.8901734104046243,139.0,0.9025974025974026,31.0,0.9393939393939394,273.0,0.8892508143322475,51.0,0.9622641509433962,0.0,,0.0,,0.0,,0.0,,0.0,,0.0,,0.0,,0.0,,0.0,,0.0,,0.0,,0.0,,0.0,,0.0,0.0,0.0,,0.0,0.0,0.0,0.0,0.0,0.0,0.0,
2022,1,0,0,1,24.0,0.07453416149068323,14.0,0.112,10.0,0.050761421319796954,14.0,0.112,0.0,,10.0,0.06329113924050633,0.0,,0.0,0.0,36.0,0.1,19.0,0.10982658959537572,15.0,0.09740259740259741,2.0,0.06060606060606061,34.0,0.11074918566775244,2.0,0.03773584905660377,0.0,,0.0,,0.0,,0.0,,0.0,,0.0,,0.0,,0.0,,0.0,,0.0,,0.0,,0.0,,0.0,,87.0,1.0,0.0,,22.0,1.0,34.0,1.0,31.0,1.0,0.0,
2022,1,0,1,0,25.0,0.78125,5.0,0.8333333333333334,20.0,0.7692307692307693,5.0,0.8333333333333334,0.0,,13.0,0.7647058823529411,0.0,,7.0,0.7777777777777778,30.0,0.6666666666666666,13.0,0.5909090909090909,13.0,0.7222222222222222,4.0,0.8,25.0,0.6410256410256411,5.0,0.8333333333333334,0.0,,0.0,,0.0,,0.0,,0.0,,0.0,,0.0,,0.0,,0.0,,0.0,,0.0,,0.0,,103.0,0.4858490566037736,0.0,0.0,0.0,,0.0,0.0,0.0,0.0,0.0,0.0,0.0,
2022,1,0,1,1,7.0,0.21875,1.0,0.16666666666666666,6.0,0.23076923076923078,1.0,0.16666666666666666,0.0,,4.0,0.23529411764705882,0.0,,2.0,0.2222222222222222,15.0,0.3333333333333333,9.0,0.4090909090909091,5.0,0.2777777777777778,1.0,0.2,14.0,0.358974358974359,1.0,0.16666666666666666,0.0,,0.0,,0.0,,0.0,,0.0,,0.0,,0.0,,0.0,,0.0,,0.0,,0.0,,0.0,,109.0,0.5141509433962265,66.0,1.0,0.0,,19.0,1.0,24.0,1.0,23.0,1.0,0.0,
2022,1,1,0,0,157.0,0.9181286549707602,35.0,1.0,122.0,0.8970588235294118,35.0,1.0,0.0,,88.0,0.8888888888888888,0.0,,34.0,0.918918918918919,180.0,0.9137055837563451,77.0,0.9058823529411765,99.0,0.9252336448598131,4.0,0.8,161.0,0.9147727272727273,19.0,0.9047619047619048,270.0,0.9152542372881356,84.0,0.9230769230769231,186.0,0.9117647058823529,120.0,0.9090909090909091,0.0,,81.0,0.9204545454545454,65.0,0.9420289855072463,0.0,0.0,0.0,,3.0,1.0,0.0,,1.0,0.5,0.0,,0.0,0.0,0.0,,0.0,0.0,0.0,0.0,0.0,0.0,0.0,
2022,1,1,0,1,14.0,0.08187134502923976,0.0,0.0,14.0,0.10294117647058823,0.0,0.0,0.0,,11.0,0.1111111111111111,0.0,,3.0,0.08108108108108109,17.0,0.08629441624365482,8.0,0.09411764705882353,8.0,0.07476635514018691,1.0,0.2,15.0,0.08522727272727272,2.0,0.09523809523809523,25.0,0.0847457627118644,7.0,0.07692307692307693,18.0,0.08823529411764706,12.0,0.09090909090909091,0.0,,7.0,0.07954545454545454,4.0,0.057971014492753624,1.0,1.0,0.0,,0.0,0.0,0.0,,1.0,0.5,0.0,,56.0,1.0,0.0,,8.0,1.0,16.0,1.0,32.0,1.0,0.0,
2022,1,1,1,0,22.0,0.7333333333333333,1.0,0.3333333333333333,21.0,0.7777777777777778,1.0,0.3333333333333333,0.0,,15.0,0.75,0.0,,6.0,0.8571428571428571,33.0,0.7021276595744681,13.0,0.6842105263157895,19.0,0.76,1.0,0.3333333333333333,32.0,0.7111111111111111,1.0,0.5,60.0,0.6666666666666666,19.0,0.6551724137931034,41.0,0.6721311475409836,28.0,0.6363636363636364,0.0,0.0,19.0,0.6551724137931034,13.0,0.8666666666666667,0.0,,0.0,,0.0,,0.0,,0.0,0.0,90.0,0.4787234042553192,0.0,0.0,0.0,,0.0,0.0,0.0,0.0,0.0,0.0,0.0,0.0
2022,1,1,1,1,8.0,0.26666666666666666,2.0,0.6666666666666666,6.0,0.2222222222222222,2.0,0.6666666666666666,0.0,,5.0,0.25,0.0,,1.0,0.14285714285714285,14.0,0.2978723404255319,6.0,0.3157894736842105,6.0,0.24,2.0,0.6666666666666666,13.0,0.28888888888888886,1.0,0.5,30.0,0.3333333333333333,10.0,0.3448275862068966,20.0,0.32786885245901637,16.0,0.36363636363636365,1.0,1.0,10.0,0.3448275862068966,2.0,0.13333333333333333,0.0,,0.0,,0.0,,0.0,,1.0,1.0,98.0,0.5212765957446809,80.0,1.0,0.0,,27.0,1.0,33.0,1.0,15.0,1.0,5.0,1.0
2023,0,0,0,0,4942.0,0.9081220139654539,2458.0,0.931060606060606,2484.0,0.8865096359743041,2458.0,0.931060606060606,0.0,,1090.0,0.8912510220768601,0.0,,1394.0,0.882837238758708,0.0,,0.0,,0.0,,0.0,,0.0,,0.0,,0.0,,0.0,,0.0,,0.0,,0.0,,0.0,,0.0,,0.0,,0.0,,0.0,,0.0,,0.0,,0.0,,0.0,0.0,0.0,0.0,0.0,0.0,0.0,0.0,0.0,0.0,0.0,0.0
2023,0,0,0,1,500.0,0.09187798603454612,182.0,0.06893939393939394,318.0,0.11349036402569593,182.0,0.06893939393939394,0.0,,133.0,0.10874897792313983,0.0,,185.0,0.11716276124129196,0.0,,0.0,,0.0,,0.0,,0.0,,0.0,,0.0,,0.0,,0.0,,0.0,,0.0,,0.0,,0.0,,0.0,,0.0,,0.0,,0.0,,0.0,,0.0,,1867.0,1.0,21.0,1.0,509.0,1.0,766.0,1.0,567.0,1.0,4.0,1.0
2023,0,0,1,0,1548.0,0.9105882352941177,146.0,0.9012345679012346,1402.0,0.9115734720416124,146.0,0.9012345679012346,0.0,,559.0,0.9316666666666666,0.0,,843.0,0.8987206823027718,0.0,,0.0,,0.0,,0.0,,0.0,,0.0,,0.0,,0.0,,0.0,,0.0,,0.0,,0.0,,0.0,,0.0,,0.0,,0.0,,0.0,,0.0,,3618.0,0.6818695816057294,0.0,0.0,0.0,0.0,0.0,0.0,0.0,0.0,0.0,0.0,0.0,0.0
2023,0,0,1,1,152.0,0.08941176470588236,16.0,0.09876543209876543,136.0,0.08842652795838751,16.0,0.09876543209876543,0.0,,41.0,0.06833333333333333,0.0,,95.0,0.10127931769722814,0.0,,0.0,,0.0,,0.0,,0.0,,0.0,,0.0,,0.0,,0.0,,0.0,,0.0,,0.0,,0.0,,0.0,,0.0,,0.0,,0.0,,0.0,,1688.0,0.31813041839427064,1400.0,1.0,16.0,1.0,299.0,1.0,688.0,1.0,388.0,1.0,9.0,1.0
2023,0,1,0,0,460.0,0.9603340292275574,198.0,0.9850746268656716,262.0,0.9424460431654677,198.0,0.9850746268656716,0.0,,159.0,0.9578313253012049,0.0,,103.0,0.9196428571428571,0.0,,0.0,,0.0,,0.0,,0.0,,0.0,,570.0,0.9405940594059405,276.0,0.968421052631579,294.0,0.9158878504672897,0.0,,6.0,0.8571428571428571,276.0,0.968421052631579,121.0,0.952755905511811,0.0,,0.0,,0.0,,0.0,,167.0,0.893048128342246,0.0,,0.0,0.0,0.0,0.0,0.0,0.0,0.0,0.0,0.0,0.0,0.0,0.0
2023,0,1,0,1,19.0,0.03966597077244259,3.0,0.014925373134328358,16.0,0.05755395683453238,3.0,0.014925373134328358,0.0,,7.0,0.04216867469879518,0.0,,9.0,0.08035714285714286,0.0,,0.0,,0.0,,0.0,,0.0,,0.0,,36.0,0.0594059405940594,9.0,0.031578947368421054,27.0,0.08411214953271028,0.0,,1.0,0.14285714285714285,9.0,0.031578947368421054,6.0,0.047244094488188976,0.0,,0.0,,0.0,,0.0,,20.0,0.10695187165775401,0.0,,44.0,1.0,4.0,1.0,26.0,1.0,7.0,1.0,3.0,1.0,4.0,1.0
2023,0,1,1,0,42.0,0.6774193548387096,6.0,0.8571428571428571,36.0,0.6545454545454545,6.0,0.8571428571428571,0.0,,21.0,0.8076923076923077,0.0,,15.0,0.5172413793103449,0.0,,0.0,,0.0,,0.0,,0.0,,0.0,,77.0,0.6209677419354839,19.0,0.76,58.0,0.5858585858585859,0.0,,5.0,0.7142857142857143,19.0,0.76,27.0,0.5510204081632653,0.0,,0.0,,0.0,,0.0,,26.0,0.6046511627906976,134.0,0.43506493506493504,0.0,0.0,0.0,0.0,0.0,0.0,0.0,0.0,0.0,0.0,0.0,0.0
2023,0,1,1,1,20.0,0.3225806451612903,1.0,0.14285714285714285,19.0,0.34545454545454546,1.0,0.14285714285714285,0.0,,5.0,0.19230769230769232,0.0,,14.0,0.4827586206896552,0.0,,0.0,,0.0,,0.0,,0.0,,0.0,,47.0,0.3790322580645161,6.0,0.24,41.0,0.41414141414141414,0.0,,2.0,0.2857142857142857,6.0,0.24,22.0,0.4489795918367347,0.0,,0.0,,0.0,,0.0,,17.0,0.3953488372093023,174.0,0.564935064935065,97.0,1.0,24.0,1.0,29.0,1.0,17.0,1.0,26.0,1.0,1.0,1.0
2023,1,0,0,1,0.0,,0.0,,0.0,,0.0,,0.0,,0.0,,0.0,,0.0,,0.0,,0.0,,0.0,,0.0,,0.0,,0.0,,0.0,,0.0,,0.0,,0.0,,0.0,,0.0,,0.0,,0.0,,0.0,,0.0,,0.0,,0.0,,0.0,,5.0,1.0,0.0,,1.0,1.0,4.0,1.0,0.0,,0.0,
2023,1,0,1,0,0.0,,0.0,,0.0,,0.0,,0.0,,0.0,,0.0,,0.0,,0.0,,0.0,,0.0,,0.0,,0.0,,0.0,,0.0,,0.0,,0.0,,0.0,,0.0,,0.0,,0.0,,0.0,,0.0,,0.0,,0.0,,0.0,,77.0,0.4935897435897436,0.0,0.0,0.0,0.0,0.0,0.0,0.0,0.0,0.0,0.0,0.0,
2023,1,0,1,1,0.0,,0.0,,0.0,,0.0,,0.0,,0.0,,0.0,,0.0,,0.0,,0.0,,0.0,,0.0,,0.0,,0.0,,0.0,,0.0,,0.0,,0.0,,0.0,,0.0,,0.0,,0.0,,0.0,,0.0,,0.0,,0.0,,79.0,0.5064102564102564,37.0,1.0,2.0,1.0,10.0,1.0,23.0,1.0,2.0,1.0,0.0,
2023,1,1,0,0,0.0,,0.0,,0.0,,0.0,,0.0,,0.0,,0.0,,0.0,,0.0,,0.0,,0.0,,0.0,,0.0,,0.0,,26.0,0.896551724137931,5.0,1.0,21.0,0.875,0.0,,0.0,,5.0,1.0,7.0,0.875,0.0,,0.0,,0.0,,0.0,,14.0,0.875,0.0,,0.0,0.0,0.0,,0.0,0.0,0.0,0.0,0.0,0.0,0.0,
2023,1,1,0,1,0.0,,0.0,,0.0,,0.0,,0.0,,0.0,,0.0,,0.0,,0.0,,0.0,,0.0,,0.0,,0.0,,0.0,,3.0,0.10344827586206896,0.0,0.0,3.0,0.125,0.0,,0.0,,0.0,0.0,1.0,0.125,0.0,,0.0,,0.0,,0.0,,2.0,0.125,0.0,,12.0,1.0,0.0,,4.0,1.0,5.0,1.0,3.0,1.0,0.0,
2023,1,1,1,0,0.0,,0.0,,0.0,,0.0,,0.0,,0.0,,0.0,,0.0,,0.0,,0.0,,0.0,,0.0,,0.0,,0.0,,21.0,0.75,3.0,1.0,18.0,0.72,0.0,,0.0,0.0,3.0,1.0,7.0,0.875,0.0,,0.0,,0.0,,0.0,,11.0,0.6875,83.0,0.5424836601307189,0.0,0.0,0.0,,0.0,0.0,0.0,0.0,0.0,0.0,0.0,
2023,1,1,1,1,0.0,,0.0,,0.0,,0.0,,0.0,,0.0,,0.0,,0.0,,0.0,,0.0,,0.0,,0.0,,0.0,,0.0,,7.0,0.25,0.0,0.0,7.0,0.28,0.0,,1.0,1.0,0.0,0.0,1.0,0.125,0.0,,0.0,,0.0,,0.0,,5.0,0.3125,70.0,0.45751633986928103,23.0,1.0,0.0,,10.0,1.0,6.0,1.0,7.0,1.0,0.0,
2024,0,0,0,0,743.0,0.9477040816326531,246.0,0.9213483146067416,497.0,0.9613152804642167,246.0,0.9213483146067416,0.0,,235.0,0.951417004048583,0.0,,262.0,0.9703703703703703,0.0,,0.0,,0.0,,0.0,,0.0,,0.0,,0.0,,0.0,,0.0,,0.0,,0.0,,0.0,,0.0,,0.0,,0.0,,0.0,,0.0,,0.0,,0.0,,0.0,0.0,0.0,0.0,0.0,0.0,0.0,0.0,0.0,0.0,0.0,0.0
2024,0,0,0,1,41.0,0.05229591836734694,21.0,0.07865168539325842,20.0,0.03868471953578337,21.0,0.07865168539325842,0.0,,12.0,0.048582995951417005,0.0,,8.0,0.02962962962962963,0.0,,0.0,,0.0,,0.0,,0.0,,0.0,,0.0,,0.0,,0.0,,0.0,,0.0,,0.0,,0.0,,0.0,,0.0,,0.0,,0.0,,0.0,,0.0,,213.0,1.0,1.0,1.0,50.0,1.0,90.0,1.0,69.0,1.0,3.0,1.0
2024,0,0,1,0,291.0,0.9667774086378738,32.0,0.9411764705882353,259.0,0.9700374531835206,32.0,0.9411764705882353,0.0,,94.0,0.9690721649484536,0.0,,165.0,0.9705882352941176,0.0,,0.0,,0.0,,0.0,,0.0,,0.0,,0.0,,0.0,,0.0,,0.0,,0.0,,0.0,,0.0,,0.0,,0.0,,0.0,,0.0,,0.0,,1040.0,0.7050847457627119,0.0,0.0,0.0,0.0,0.0,0.0,0.0,0.0,0.0,0.0,0.0,0.0
2024,0,0,1,1,10.0,0.03322259136212625,2.0,0.058823529411764705,8.0,0.0299625468164794,2.0,0.058823529411764705,0.0,,3.0,0.030927835051546393,0.0,,5.0,0.029411764705882353,0.0,,0.0,,0.0,,0.0,,0.0,,0.0,,0.0,,0.0,,0.0,,0.0,,0.0,,0.0,,0.0,,0.0,,0.0,,0.0,,0.0,,0.0,,435.0,0.29491525423728815,166.0,1.0,1.0,1.0,29.0,1.0,15.0,1.0,120.0,1.0,1.0,1.0
2024,0,1,0,0,97.0,0.97,4.0,1.0,93.0,0.96875,4.0,1.0,0.0,,70.0,0.9722222222222222,0.0,,23.0,0.9583333333333334,0.0,,0.0,,0.0,,0.0,,0.0,,0.0,,147.0,0.930379746835443,79.0,0.9753086419753086,68.0,0.8831168831168831,0.0,,6.0,1.0,79.0,0.9753086419753086,13.0,0.7647058823529411,0.0,,0.0,,0.0,,6.0,1.0,43.0,0.8958333333333334,0.0,,0.0,0.0,0.0,,0.0,0.0,0.0,0.0,0.0,0.0,0.0,
2024,0,1,0,1,3.0,0.03,0.0,0.0,3.0,0.03125,0.0,0.0,0.0,,2.0,0.027777777777777776,0.0,,1.0,0.041666666666666664,0.0,,0.0,,0.0,,0.0,,0.0,,0.0,,11.0,0.06962025316455696,2.0,0.024691358024691357,9.0,0.11688311688311688,0.0,,0.0,0.0,2.0,0.024691358024691357,4.0,0.23529411764705882,0.0,,0.0,,0.0,,0.0,0.0,5.0,0.10416666666666667,0.0,,20.0,1.0,0.0,,7.0,1.0,5.0,1.0,8.0,1.0,0.0,
2024,0,1,1,0,3.0,1.0,1.0,1.0,2.0,1.0,1.0,1.0,0.0,,1.0,1.0,0.0,,1.0,1.0,0.0,,0.0,,0.0,,0.0,,0.0,,0.0,,17.0,0.4722222222222222,4.0,1.0,13.0,0.40625,0.0,,0.0,0.0,4.0,1.0,6.0,0.3333333333333333,0.0,,0.0,,0.0,,0.0,0.0,7.0,0.7,29.0,0.5272727272727272,0.0,0.0,0.0,,0.0,0.0,0.0,0.0,0.0,0.0,0.0,
2024,0,1,1,1,0.0,0.0,0.0,0.0,0.0,0.0,0.0,0.0,0.0,,0.0,0.0,0.0,,0.0,0.0,0.0,,0.0,,0.0,,0.0,,0.0,,0.0,,19.0,0.5277777777777778,0.0,0.0,19.0,0.59375,0.0,,1.0,1.0,0.0,0.0,12.0,0.6666666666666666,0.0,,0.0,,0.0,,3.0,1.0,3.0,0.3,26.0,0.4727272727272727,17.0,1.0,0.0,,5.0,1.0,1.0,1.0,11.0,1.0,0.0,
2024,1,0,0,1,0.0,,0.0,,0.0,,0.0,,0.0,,0.0,,0.0,,0.0,,0.0,,0.0,,0.0,,0.0,,0.0,,0.0,,0.0,,0.0,,0.0,,0.0,,0.0,,0.0,,0.0,,0.0,,0.0,,0.0,,0.0,,0.0,,0.0,,17.0,1.0,0.0,,1.0,1.0,0.0,,16.0,1.0,0.0,
2024,1,0,1,0,0.0,,0.0,,0.0,,0.0,,0.0,,0.0,,0.0,,0.0,,0.0,,0.0,,0.0,,0.0,,0.0,,0.0,,0.0,,0.0,,0.0,,0.0,,0.0,,0.0,,0.0,,0.0,,0.0,,0.0,,0.0,,0.0,,19.0,0.4418604651162791,0.0,0.0,0.0,,0.0,0.0,0.0,,0.0,0.0,0.0,
2024,1,0,1,1,0.0,,0.0,,0.0,,0.0,,0.0,,0.0,,0.0,,0.0,,0.0,,0.0,,0.0,,0.0,,0.0,,0.0,,0.0,,0.0,,0.0,,0.0,,0.0,,0.0,,0.0,,0.0,,0.0,,0.0,,0.0,,0.0,,24.0,0.5581395348837209,3.0,1.0,0.0,,2.0,1.0,0.0,,1.0,1.0,0.0,
2024,1,1,0,0,0.0,,0.0,,0.0,,0.0,,0.0,,0.0,,0.0,,0.0,,0.0,,0.0,,0.0,,0.0,,0.0,,0.0,,3.0,0.75,2.0,0.6666666666666666,1.0,1.0,0.0,,0.0,,2.0,0.6666666666666666,0.0,,0.0,,0.0,,0.0,,0.0,,1.0,1.0,0.0,,0.0,0.0,0.0,0.0,0.0,,0.0,,0.0,,0.0,
2024,1,1,0,1,0.0,,0.0,,0.0,,0.0,,0.0,,0.0,,0.0,,0.0,,0.0,,0.0,,0.0,,0.0,,0.0,,0.0,,1.0,0.25,1.0,0.3333333333333333,0.0,0.0,0.0,,0.0,,1.0,0.3333333333333333,0.0,,0.0,,0.0,,0.0,,0.0,,0.0,0.0,0.0,,2.0,1.0,2.0,1.0,0.0,,0.0,,0.0,,0.0,
2024,1,1,1,0,0.0,,0.0,,0.0,,0.0,,0.0,,0.0,,0.0,,0.0,,0.0,,0.0,,0.0,,0.0,,0.0,,0.0,,2.0,0.5,0.0,,2.0,0.5,0.0,,1.0,1.0,0.0,,1.0,1.0,0.0,,0.0,,0.0,,0.0,,0.0,0.0,16.0,0.2857142857142857,0.0,0.0,0.0,,0.0,0.0,0.0,,0.0,,0.0,
2024,1,1,1,1,0.0,,0.0,,0.0,,0.0,,0.0,,0.0,,0.0,,0.0,,0.0,,0.0,,0.0,,0.0,,0.0,,0.0,,2.0,0.5,0.0,,2.0,0.5,0.0,,0.0,0.0,0.0,,0.0,0.0,0.0,,0.0,,0.0,,0.0,,2.0,1.0,40.0,0.7142857142857143,4.0,1.0,0.0,,4.0,1.0,0.0,,0.0,,0.0,
All Time,0,0,0,0,34172.0,0.8705576643823402,25807.0,0.8868080134703274,8365.0,0.8239755713159969,25807.0,0.8868080134703274,1.0,1.0,3680.0,0.8448117539026629,88.0,1.0,4596.0,0.8053267916593657,0.0,,0.0,,0.0,,0.0,,0.0,,0.0,,0.0,,0.0,,0.0,,0.0,,0.0,,0.0,,0.0,,0.0,,0.0,,0.0,,0.0,,0.0,,0.0,,0.0,0.0,0.0,0.0,0.0,0.0,0.0,0.0,0.0,0.0,0.0,0.0
All Time,0,0,0,1,5081.0,0.1294423356176598,3294.0,0.11319198652967252,1787.0,0.17602442868400314,3294.0,0.11319198652967252,0.0,0.0,676.0,0.155188246097337,0.0,0.0,1111.0,0.1946732083406343,0.0,,0.0,,0.0,,0.0,,0.0,,0.0,,0.0,,0.0,,0.0,,0.0,,0.0,,0.0,,0.0,,0.0,,0.0,,0.0,,0.0,,0.0,,0.0,,14455.0,1.0,23.0,1.0,3788.0,1.0,5915.0,1.0,4531.0,1.0,198.0,1.0
All Time,0,0,1,0,4994.0,0.8208415516107824,1935.0,0.8431372549019608,3059.0,0.807337028239641,1935.0,0.8431372549019608,0.0,,1384.0,0.8292390653085681,0.0,,1675.0,0.7900943396226415,0.0,,0.0,,0.0,,0.0,,0.0,,0.0,,0.0,,0.0,,0.0,,0.0,,0.0,,0.0,,0.0,,0.0,,0.0,,0.0,,0.0,,0.0,,9457.0,0.6924147020061503,0.0,0.0,0.0,0.0,0.0,0.0,0.0,0.0,0.0,0.0,0.0,0.0
All Time,0,0,1,1,1090.0,0.17915844838921763,360.0,0.1568627450980392,730.0,0.19266297176035893,360.0,0.1568627450980392,0.0,,285.0,0.170760934691432,0.0,,445.0,0.2099056603773585,0.0,,0.0,,0.0,,0.0,,0.0,,0.0,,0.0,,0.0,,0.0,,0.0,,0.0,,0.0,,0.0,,0.0,,0.0,,0.0,,0.0,,0.0,,4201.0,0.30758529799384976,5766.0,1.0,18.0,1.0,1020.0,1.0,3274.0,1.0,1420.0,1.0,34.0,1.0
All Time,0,1,0,0,1971.0,0.95355587808418,1300.0,0.9723261032161555,671.0,0.9191780821917809,1300.0,0.9723261032161555,0.0,,390.0,0.9263657957244655,0.0,,281.0,0.9093851132686084,0.0,,0.0,,0.0,,0.0,,0.0,,0.0,,2387.0,0.9408750492707922,1475.0,0.9609120521172638,912.0,0.9101796407185628,165.0,0.9705882352941176,22.0,0.8461538461538461,1403.0,0.9669193659545141,491.0,0.9009174311926605,0.0,0.0,5.0,1.0,72.0,0.8571428571428571,6.0,1.0,223.0,0.8955823293172691,0.0,,0.0,0.0,0.0,0.0,0.0,0.0,0.0,0.0,0.0,0.0,0.0,0.0
All Time,0,1,0,1,96.0,0.04644412191582003,37.0,0.027673896783844427,59.0,0.08082191780821918,37.0,0.027673896783844427,0.0,,31.0,0.07363420427553444,0.0,,28.0,0.09061488673139159,0.0,,0.0,,0.0,,0.0,,0.0,,0.0,,150.0,0.059124950729207724,60.0,0.03908794788273615,90.0,0.08982035928143713,5.0,0.029411764705882353,4.0,0.15384615384615385,48.0,0.03308063404548587,54.0,0.09908256880733946,1.0,1.0,0.0,0.0,12.0,0.14285714285714285,0.0,0.0,26.0,0.10441767068273092,0.0,,240.0,1.0,4.0,1.0,114.0,1.0,65.0,1.0,49.0,1.0,8.0,1.0
All Time,0,1,1,0,120.0,0.5853658536585366,31.0,0.6739130434782609,89.0,0.559748427672956,31.0,0.6739130434782609,0.0,,56.0,0.6153846153846154,0.0,,33.0,0.4852941176470588,0.0,,0.0,,0.0,,0.0,,0.0,,0.0,,172.0,0.5477707006369427,60.0,0.6521739130434783,112.0,0.5045045045045045,9.0,0.36,7.0,0.5833333333333334,60.0,0.6521739130434783,62.0,0.484375,0.0,,0.0,,0.0,,0.0,0.0,34.0,0.6296296296296297,268.0,0.432258064516129,0.0,0.0,0.0,0.0,0.0,0.0,0.0,0.0,0.0,0.0,0.0,0.0
All Time,0,1,1,1,85.0,0.4146341463414634,15.0,0.32608695652173914,70.0,0.44025157232704404,15.0,0.32608695652173914,0.0,,35.0,0.38461538461538464,0.0,,35.0,0.5147058823529411,0.0,,0.0,,0.0,,0.0,,0.0,,0.0,,142.0,0.45222929936305734,32.0,0.34782608695652173,110.0,0.4954954954954955,16.0,0.64,5.0,0.4166666666666667,32.0,0.34782608695652173,66.0,0.515625,0.0,,0.0,,0.0,,3.0,1.0,20.0,0.37037037037037035,352.0,0.567741935483871,423.0,1.0,24.0,1.0,168.0,1.0,82.0,1.0,143.0,1.0,6.0,1.0
All Time,1,0,0,0,1055.0,0.8747927031509121,467.0,0.8778195488721805,588.0,0.8724035608308606,467.0,0.8778195488721805,0.0,,278.0,0.9144736842105263,0.0,,310.0,0.8378378378378378,1058.0,0.8751033912324235,525.0,0.8649093904448105,431.0,0.8850102669404517,102.0,0.8869565217391304,915.0,0.8722592945662536,143.0,0.89375,0.0,,0.0,,0.0,,0.0,,0.0,,0.0,,0.0,,0.0,,0.0,,0.0,,0.0,,0.0,,0.0,,0.0,0.0,0.0,,0.0,0.0,0.0,0.0,0.0,0.0,0.0,0.0
All Time,1,0,0,1,151.0,0.1252072968490879,65.0,0.12218045112781954,86.0,0.12759643916913946,65.0,0.12218045112781954,0.0,,26.0,0.08552631578947369,0.0,,60.0,0.16216216216216217,151.0,0.12489660876757651,82.0,0.13509060955518945,56.0,0.11498973305954825,13.0,0.11304347826086956,134.0,0.12774070543374644,17.0,0.10625,0.0,,0.0,,0.0,,0.0,,0.0,,0.0,,0.0,,0.0,,0.0,,0.0,,0.0,,0.0,,0.0,,476.0,1.0,0.0,,192.0,1.0,166.0,1.0,101.0,1.0,17.0,1.0
All Time,1,0,1,0,75.0,0.5813953488372093,11.0,0.7333333333333333,64.0,0.5614035087719298,11.0,0.7333333333333333,0.0,,28.0,0.6086956521739131,0.0,,36.0,0.5294117647058824,76.0,0.5846153846153846,45.0,0.569620253164557,24.0,0.5714285714285714,7.0,0.7777777777777778,69.0,0.5948275862068966,7.0,0.5,0.0,,0.0,,0.0,,0.0,,0.0,,0.0,,0.0,,0.0,,0.0,,0.0,,0.0,,0.0,,215.0,0.46436285097192226,0.0,0.0,0.0,0.0,0.0,0.0,0.0,0.0,0.0,0.0,0.0,0.0
All Time,1,0,1,1,54.0,0.4186046511627907,4.0,0.26666666666666666,50.0,0.43859649122807015,4.0,0.26666666666666666,0.0,,18.0,0.391304347826087,0.0,,32.0,0.47058823529411764,54.0,0.4153846153846154,34.0,0.43037974683544306,18.0,0.42857142857142855,2.0,0.2222222222222222,47.0,0.4051724137931034,7.0,0.5,0.0,,0.0,,0.0,,0.0,,0.0,,0.0,,0.0,,0.0,,0.0,,0.0,,0.0,,0.0,,248.0,0.5356371490280778,192.0,1.0,2.0,1.0,69.0,1.0,67.0,1.0,49.0,1.0,5.0,1.0
All Time,1,1,0,0,864.0,0.8683417085427135,204.0,0.9107142857142857,660.0,0.8560311284046692,204.0,0.9107142857142857,0.0,,236.0,0.9007633587786259,0.0,,424.0,0.8330058939096268,864.0,0.8683417085427135,325.0,0.871313672922252,459.0,0.8579439252336448,80.0,0.9195402298850575,765.0,0.864406779661017,99.0,0.9,1601.0,0.826109391124871,1023.0,0.8023529411764706,578.0,0.8717948717948718,234.0,0.9140625,7.0,0.6363636363636364,724.0,0.767762460233298,316.0,0.8540540540540541,0.0,0.0,5.0,0.8333333333333334,299.0,0.9006024096385542,0.0,,16.0,0.8421052631578947,0.0,,0.0,0.0,0.0,0.0,0.0,0.0,0.0,0.0,0.0,0.0,0.0,0.0
All Time,1,1,0,1,131.0,0.13165829145728644,20.0,0.08928571428571429,111.0,0.14396887159533073,20.0,0.08928571428571429,0.0,,26.0,0.09923664122137404,0.0,,85.0,0.16699410609037327,131.0,0.13165829145728644,48.0,0.128686327077748,76.0,0.14205607476635515,7.0,0.08045977011494253,120.0,0.13559322033898305,11.0,0.1,337.0,0.173890608875129,252.0,0.1976470588235294,85.0,0.1282051282051282,22.0,0.0859375,4.0,0.36363636363636365,219.0,0.23223753976670203,54.0,0.14594594594594595,1.0,1.0,1.0,0.16666666666666666,33.0,0.09939759036144578,0.0,,3.0,0.15789473684210525,0.0,,460.0,1.0,2.0,1.0,207.0,1.0,102.0,1.0,133.0,1.0,16.0,1.0
All Time,1,1,1,0,95.0,0.5900621118012422,4.0,0.5,91.0,0.5947712418300654,4.0,0.5,0.0,,29.0,0.6170212765957447,0.0,,62.0,0.5849056603773585,95.0,0.5900621118012422,33.0,0.532258064516129,58.0,0.6444444444444445,4.0,0.4444444444444444,86.0,0.5972222222222222,9.0,0.5294117647058824,162.0,0.49390243902439024,75.0,0.42134831460674155,87.0,0.58,35.0,0.6481481481481481,2.0,0.4,65.0,0.4304635761589404,39.0,0.5416666666666666,0.0,,0.0,,10.0,0.37037037037037035,0.0,,11.0,0.5789473684210527,232.0,0.4915254237288136,0.0,0.0,0.0,,0.0,0.0,0.0,0.0,0.0,0.0,0.0,0.0
All Time,1,1,1,1,66.0,0.40993788819875776,4.0,0.5,62.0,0.40522875816993464,4.0,0.5,0.0,,18.0,0.3829787234042553,0.0,,44.0,0.41509433962264153,66.0,0.40993788819875776,29.0,0.46774193548387094,32.0,0.35555555555555557,5.0,0.5555555555555556,58.0,0.4027777777777778,8.0,0.47058823529411764,166.0,0.5060975609756098,103.0,0.5786516853932584,63.0,0.42,19.0,0.35185185185185186,3.0,0.6,86.0,0.5695364238410596,33.0,0.4583333333333333,0.0,,0.0,,17.0,0.6296296296296297,0.0,,8.0,0.42105263157894735,240.0,0.5084745762711864,279.0,1.0,0.0,,114.0,1.0,77.0,1.0,73.0,1.0,15.0,1.0
