Entity,,,,Accounts,Accounts,Accounts,Accounts,Accounts,Accounts,Accounts,Accounts,Accounts,Accounts,Accounts,Accounts,Accounts,Accounts,Accounts,Accounts,Screening Sessions,Screening Sessions,Screening Sessions,Screening Sessions,Screening Sessions,Screening Sessions,Screening Sessions,Screening Sessions,Screening Sessions,Screening Sessions,Screening Sessions,Screening Sessions,Appointments,Appointments,Appointments,Appointments,Appointments,Appointments,Appointments,Appointments,Appointments,Appointments,Appointments,Appointments,Appointments,Appointments,Appointments,Appointments,Appointments,Appointments,Appointments,Appointments,Appointments,Appointments,Appointments,Appointments,Group Sessions,Group Sessions,Content Views,Content Views,Content Views,Content Views,Content Views,Content Views,Content Views,Content Views,Content Views,Content Views,Content Views,Content Views
Group,,,,Aggregate,Aggregate,Account Type,Account Type,Account Type,Account Type,Account Source,Account Source,Account Source,Account Source,Account Source,Account Source,Account Source,Account Source,Account Source,Account Source,Aggregate,Aggregate,Triage Level,Triage Level,Triage Level,Triage Level,Triage Level,Triage Level,Crisis Flag,Crisis Flag,Crisis Flag,Crisis Flag,Aggregate,Aggregate,Clinical Level,Clinical Level,Clinical Level,Clinical Level,Provider Role,Provider Role,Provider Role,Provider Role,Provider Role,Provider Role,Provider Role,Provider Role,Provider Role,Provider Role,Provider Role,Provider Role,Provider Role,Provider Role,Provider Role,Provider Role,Provider Role,Provider Role,Aggregate,Aggregate,Aggregate,Aggregate,Content Type,Content Type,Content Type,Content Type,Content Type,Content Type,Content Type,Content Type,Content Type,Content Type
Metric,,,,Total,Total_Studio_Pct,Anonymous,Anonymous_Studio_Pct,Verified,Verified_Studio_Pct,Anonymous,Anonymous_Studio_Pct,Email_password,Email_password_Studio_Pct,Penn_key_sso,Penn_key_sso_Studio_Pct,Penn_mpm_sso,Penn_mpm_sso_Studio_Pct,Penn_sso,Penn_sso_Studio_Pct,Total,Total_Studio_Pct,Mild,Mild_Studio_Pct,Moderate,Moderate_Studio_Pct,Severe,Severe_Studio_Pct,No,No_Studio_Pct,Yes,Yes_Studio_Pct,Total,Total_Studio_Pct,Clinical,Clinical_Studio_Pct,Sub-clinical,Sub-clinical_Studio_Pct,Care_manager,Care_manager_Studio_Pct,Chaplain,Chaplain_Studio_Pct,Clinician,Clinician_Studio_Pct,Coach,Coach_Studio_Pct,Other,Other_Studio_Pct,Peer,Peer_Studio_Pct,Psychiatrist,Psychiatrist_Studio_Pct,Psychologist,Psychologist_Studio_Pct,Undefined,Undefined_Studio_Pct,Total,Total_Studio_Pct,Total,Total_Studio_Pct,App,App_Studio_Pct,Article,Article_Studio_Pct,Podcast,Podcast_Studio_Pct,Video,Video_Studio_Pct,Worksheet,Worksheet_Studio_Pct
Year,Connect with Support,In the Studio,On Your Time,,,,,,,,,,,,,,,,,,,,,,,,,,,,,,,,,,,,,,,,,,,,,,,,,,,,,,,,,,,,,,,,,,
2020,0,0,0,10100.0,0.8327149806249484,7741.0,0.8530967599735508,2359.0,0.772176759410802,7741.0,0.8530967599735508,1.0,1.0,378.0,0.8669724770642202,0.0,,1980.0,0.7563025210084033,387.0,0.821656050955414,200.0,0.8,151.0,0.8531073446327684,36.0,0.8181818181818182,339.0,0.8228155339805825,48.0,0.8135593220338984,0.0,,0.0,,0.0,,0.0,,0.0,,0.0,,0.0,,0.0,,0.0,,0.0,,0.0,,0.0,,0.0,,0.0,0.0,0.0,,0.0,0.0,0.0,0.0,0.0,0.0,0.0,0.0
2020,0,0,1,2029.0,0.16728501937505152,1333.0,0.1469032400264492,696.0,0.22782324058919803,1333.0,0.1469032400264492,0.0,0.0,58.0,0.13302752293577982,0.0,,638.0,0.24369747899159663,84.0,0.17834394904458598,50.0,0.2,26.0,0.14689265536723164,8.0,0.18181818181818182,73.0,0.17718446601941748,11.0,0.1864406779661017,0.0,,0.0,,0.0,,0.0,,0.0,,0.0,,0.0,,0.0,,0.0,,0.0,,0.0,,0.0,,0.0,,4081.0,1.0,0.0,,1798.0,1.0,731.0,1.0,1366.0,1.0,186.0,1.0
2020,0,1,0,237.0,0.5220264317180616,18.0,0.47368421052631576,219.0,0.5264423076923077,18.0,0.47368421052631576,0.0,,24.0,0.7058823529411765,0.0,,195.0,0.5104712041884817,17.0,0.4722222222222222,12.0,0.46153846153846156,4.0,0.4444444444444444,1.0,1.0,16.0,0.47058823529411764,1.0,0.5,0.0,,0.0,,0.0,,0.0,,0.0,,0.0,,0.0,,0.0,,0.0,,0.0,,0.0,,0.0,,3.0,0.75,0.0,0.0,0.0,,0.0,0.0,0.0,0.0,0.0,0.0,0.0,0.0
2020,0,1,1,217.0,0.4779735682819383,20.0,0.5263157894736842,197.0,0.4735576923076923,20.0,0.5263157894736842,0.0,,10.0,0.29411764705882354,0.0,,187.0,0.4895287958115183,19.0,0.5277777777777778,14.0,0.5384615384615384,5.0,0.5555555555555556,0.0,0.0,18.0,0.5294117647058824,1.0,0.5,0.0,,0.0,,0.0,,0.0,,0.0,,0.0,,0.0,,0.0,,0.0,,0.0,,0.0,,0.0,,1.0,0.25,391.0,1.0,0.0,,200.0,1.0,45.0,1.0,127.0,1.0,19.0,1.0
2020,1,0,0,716.0,0.8443396226415094,327.0,0.8958904109589041,389.0,0.8053830227743272,327.0,0.8958904109589041,0.0,,53.0,0.8688524590163934,0.0,,336.0,0.7962085308056872,383.0,0.8201284796573876,117.0,0.8125,217.0,0.8007380073800738,49.0,0.9423076923076923,335.0,0.8111380145278451,48.0,0.8888888888888888,1072.0,0.81089258698941,787.0,0.8006103763987793,285.0,0.8407079646017699,2.0,1.0,8.0,0.5714285714285714,562.0,0.7773167358229599,266.0,0.8525641025641025,0.0,0.0,9.0,0.9,225.0,0.8653846153846154,0.0,,0.0,,0.0,,0.0,0.0,0.0,,0.0,0.0,0.0,0.0,0.0,0.0,0.0,0.0
2020,1,0,1,132.0,0.15566037735849056,38.0,0.10410958904109589,94.0,0.19461697722567287,38.0,0.10410958904109589,0.0,,8.0,0.13114754098360656,0.0,,86.0,0.2037914691943128,84.0,0.17987152034261242,27.0,0.1875,54.0,0.1992619926199262,3.0,0.057692307692307696,78.0,0.18886198547215496,6.0,0.1111111111111111,250.0,0.18910741301059,196.0,0.19938962360122076,54.0,0.1592920353982301,0.0,0.0,6.0,0.42857142857142855,161.0,0.22268326417704012,46.0,0.14743589743589744,1.0,1.0,1.0,0.1,35.0,0.1346153846153846,0.0,,0.0,,0.0,,370.0,1.0,0.0,,195.0,1.0,73.0,1.0,82.0,1.0,20.0,1.0
2020,1,1,0,55.0,0.49107142857142855,3.0,0.375,52.0,0.5,3.0,0.375,0.0,,5.0,0.45454545454545453,0.0,,47.0,0.5053763440860215,26.0,0.49056603773584906,12.0,0.5714285714285714,14.0,0.45161290322580644,0.0,0.0,25.0,0.5102040816326531,1.0,0.25,32.0,0.27586206896551724,19.0,0.2289156626506024,13.0,0.3939393939393939,0.0,,1.0,0.25,17.0,0.23943661971830985,12.0,0.41379310344827586,0.0,,0.0,,2.0,0.16666666666666666,0.0,,0.0,,3.0,0.42857142857142855,0.0,0.0,0.0,,0.0,0.0,0.0,0.0,0.0,0.0,0.0,0.0
2020,1,1,1,57.0,0.5089285714285714,5.0,0.625,52.0,0.5,5.0,0.625,0.0,,6.0,0.5454545454545454,0.0,,46.0,0.4946236559139785,27.0,0.5094339622641509,9.0,0.42857142857142855,17.0,0.5483870967741935,1.0,1.0,24.0,0.4897959183673469,3.0,0.75,84.0,0.7241379310344828,64.0,0.7710843373493976,20.0,0.6060606060606061,0.0,,3.0,0.75,54.0,0.7605633802816901,17.0,0.5862068965517241,0.0,,0.0,,10.0,0.8333333333333334,0.0,,0.0,,4.0,0.5714285714285714,211.0,1.0,0.0,,96.0,1.0,23.0,1.0,77.0,1.0,15.0,1.0
2021,0,0,0,9454.0,0.8888679954870252,8200.0,0.9058771542200619,1254.0,0.7916666666666666,8200.0,0.9058771542200619,0.0,,594.0,0.7774869109947644,88.0,1.0,572.0,0.7814207650273224,347.0,0.917989417989418,171.0,0.9293478260869565,141.0,0.9038461538461539,35.0,0.9210526315789473,303.0,0.9181818181818182,44.0,0.9166666666666666,0.0,,0.0,,0.0,,0.0,,0.0,,0.0,,0.0,,0.0,,0.0,,0.0,,0.0,,0.0,,0.0,,0.0,0.0,0.0,,0.0,0.0,0.0,0.0,0.0,0.0,0.0,0.0
2021,0,0,1,1182.0,0.11113200451297481,852.0,0.09412284577993814,330.0,0.20833333333333334,852.0,0.09412284577993814,0.0,,170.0,0.22251308900523561,0.0,0.0,160.0,0.2185792349726776,31.0,0.082010582010582,13.0,0.07065217391304347,15.0,0.09615384615384616,3.0,0.07894736842105263,27.0,0.08181818181818182,4.0,0.08333333333333333,0.0,,0.0,,0.0,,0.0,,0.0,,0.0,,0.0,,0.0,,0.0,,0.0,,0.0,,0.0,,0.0,,3366.0,1.0,0.0,,885.0,1.0,1375.0,1.0,1089.0,1.0,17.0,1.0
2021,0,1,0,718.0,0.7230614300100705,460.0,0.8156028368794326,258.0,0.6013986013986014,460.0,0.8156028368794326,0.0,,149.0,0.6157024793388429,0.0,,109.0,0.5828877005347594,29.0,0.5918367346938775,20.0,0.6451612903225806,7.0,0.4666666666666667,2.0,0.6666666666666666,28.0,0.6511627906976745,1.0,0.16666666666666666,0.0,,0.0,,0.0,,0.0,,0.0,,0.0,,0.0,,0.0,,0.0,,0.0,,0.0,,0.0,,799.0,0.7217705510388437,0.0,0.0,0.0,,0.0,0.0,0.0,0.0,0.0,0.0,0.0,0.0
2021,0,1,1,275.0,0.2769385699899295,104.0,0.18439716312056736,171.0,0.3986013986013986,104.0,0.18439716312056736,0.0,,93.0,0.384297520661157,0.0,,78.0,0.41711229946524064,20.0,0.40816326530612246,11.0,0.3548387096774194,8.0,0.5333333333333333,1.0,0.3333333333333333,15.0,0.3488372093023256,5.0,0.8333333333333334,0.0,,0.0,,0.0,,0.0,,0.0,,0.0,,0.0,,0.0,,0.0,,0.0,,0.0,,0.0,,308.0,0.27822944896115626,918.0,1.0,0.0,,206.0,1.0,526.0,1.0,183.0,1.0,3.0,1.0
2021,1,0,0,845.0,0.9646118721461188,555.0,0.980565371024735,290.0,0.9354838709677419,555.0,0.980565371024735,0.0,,135.0,0.9375,0.0,,155.0,0.9337349397590361,301.0,0.9093655589123867,131.0,0.9097222222222222,143.0,0.910828025477707,27.0,0.9,269.0,0.9087837837837838,32.0,0.9142857142857143,1215.0,0.9080717488789237,857.0,0.9117021276595745,358.0,0.8994974874371859,138.0,0.9324324324324325,7.0,0.875,714.0,0.9072426937738246,212.0,0.8796680497925311,0.0,,1.0,1.0,143.0,0.934640522875817,0.0,,0.0,,0.0,,0.0,0.0,0.0,,0.0,0.0,0.0,0.0,0.0,0.0,0.0,
2021,1,0,1,31.0,0.03538812785388128,11.0,0.019434628975265017,20.0,0.06451612903225806,11.0,0.019434628975265017,0.0,,9.0,0.0625,0.0,,11.0,0.06626506024096386,30.0,0.09063444108761329,13.0,0.09027777777777778,14.0,0.08917197452229299,3.0,0.1,27.0,0.09121621621621621,3.0,0.08571428571428572,123.0,0.09192825112107623,83.0,0.08829787234042553,40.0,0.10050251256281408,10.0,0.06756756756756757,1.0,0.125,73.0,0.09275730622617535,29.0,0.12033195020746888,0.0,,0.0,0.0,10.0,0.06535947712418301,0.0,,0.0,,0.0,,107.0,1.0,0.0,,29.0,1.0,36.0,1.0,42.0,1.0,0.0,
2021,1,1,0,53.0,0.6162790697674418,14.0,0.7777777777777778,39.0,0.5735294117647058,14.0,0.7777777777777778,0.0,,19.0,0.5135135135135135,0.0,,20.0,0.6451612903225806,36.0,0.5901639344262295,8.0,0.36363636363636365,25.0,0.7352941176470589,3.0,0.6,29.0,0.58,7.0,0.6363636363636364,73.0,0.477124183006536,52.0,0.5252525252525253,21.0,0.3888888888888889,7.0,0.5833333333333334,1.0,1.0,44.0,0.5238095238095238,13.0,0.3170731707317073,0.0,,0.0,,8.0,0.5333333333333333,0.0,,0.0,,62.0,0.4189189189189189,0.0,0.0,0.0,,0.0,0.0,0.0,0.0,0.0,0.0,0.0,
2021,1,1,1,33.0,0.38372093023255816,4.0,0.2222222222222222,29.0,0.4264705882352941,4.0,0.2222222222222222,0.0,,18.0,0.4864864864864865,0.0,,11.0,0.3548387096774194,25.0,0.4098360655737705,14.0,0.6363636363636364,9.0,0.2647058823529412,2.0,0.4,21.0,0.42,4.0,0.36363636363636365,80.0,0.5228758169934641,47.0,0.47474747474747475,33.0,0.6111111111111112,5.0,0.4166666666666667,0.0,0.0,40.0,0.47619047619047616,28.0,0.6829268292682927,0.0,,0.0,,7.0,0.4666666666666667,0.0,,0.0,,86.0,0.581081081081081,204.0,1.0,0.0,,95.0,1.0,51.0,1.0,58.0,1.0,0.0,
2022,0,0,0,9988.0,0.8709452389257063,7629.0,0.887093023255814,2359.0,0.8225244072524407,7629.0,0.887093023255814,0.0,,1661.0,0.8346733668341708,0.0,,698.0,0.7949886104783599,324.0,0.9,154.0,0.8901734104046243,139.0,0.9025974025974026,31.0,0.9393939393939394,273.0,0.8892508143322475,51.0,0.9622641509433962,0.0,,0.0,,0.0,,0.0,,0.0,,0.0,,0.0,,0.0,,0.0,,0.0,,0.0,,0.0,,0.0,,0.0,0.0,0.0,0.0,0.0,0.0,0.0,0.0,0.0,0.0,0.0,0.0
2022,0,0,1,1480.0,0.1290547610742937,971.0,0.11290697674418605,509.0,0.17747559274755928,971.0,0.11290697674418605,0.0,,329.0,0.16532663316582916,0.0,,180.0,0.20501138952164008,36.0,0.1,19.0,0.10982658959537572,15.0,0.09740259740259741,2.0,0.06060606060606061,34.0,0.11074918566775244,2.0,0.03773584905660377,0.0,,0.0,,0.0,,0.0,,0.0,,0.0,,0.0,,0.0,,0.0,,0.0,,0.0,,0.0,,0.0,,5382.0,1.0,1.0,1.0,736.0,1.0,3115.0,1.0,1525.0,1.0,5.0,1.0
2022,0,1,0,2275.0,0.8227848101265823,1290.0,0.8531746031746031,985.0,0.7861133280127693,1290.0,0.8531746031746031,0.0,,586.0,0.7897574123989218,0.0,,399.0,0.7808219178082192,30.0,0.6666666666666666,13.0,0.5909090909090909,13.0,0.7222222222222222,4.0,0.8,25.0,0.6410256410256411,5.0,0.8333333333333334,0.0,,0.0,,0.0,,0.0,,0.0,,0.0,,0.0,,0.0,,0.0,,0.0,,0.0,,0.0,,4116.0,0.6825870646766169,0.0,0.0,0.0,0.0,0.0,0.0,0.0,0.0,0.0,0.0,0.0,0.0
2022,0,1,1,490.0,0.17721518987341772,222.0,0.14682539682539683,268.0,0.21388667198723066,222.0,0.14682539682539683,0.0,,156.0,0.21024258760107817,0.0,,112.0,0.2191780821917808,15.0,0.3333333333333333,9.0,0.4090909090909091,5.0,0.2777777777777778,1.0,0.2,14.0,0.358974358974359,1.0,0.16666666666666666,0.0,,0.0,,0.0,,0.0,,0.0,,0.0,,0.0,,0.0,,0.0,,0.0,,0.0,,0.0,,1914.0,0.3174129353233831,3043.0,1.0,1.0,1.0,343.0,1.0,2044.0,1.0,648.0,1.0,7.0,1.0
2022,1,0,0,717.0,0.9446640316205533,420.0,0.9882352941176471,297.0,0.8892215568862275,420.0,0.9882352941176471,0.0,,209.0,0.8708333333333333,0.0,,88.0,0.9361702127659575,180.0,0.9137055837563451,77.0,0.9058823529411765,99.0,0.9252336448598131,4.0,0.8,161.0,0.9147727272727273,19.0,0.9047619047619048,955.0,0.9381139489194499,492.0,0.9590643274853801,463.0,0.9168316831683169,259.0,0.9384057971014492,2.0,1.0,489.0,0.9588235294117647,188.0,0.8952380952380953,0.0,0.0,0.0,,3.0,1.0,0.0,,14.0,0.875,0.0,,0.0,0.0,0.0,,0.0,0.0,0.0,0.0,0.0,0.0,0.0,
2022,1,0,1,42.0,0.05533596837944664,5.0,0.011764705882352941,37.0,0.11077844311377245,5.0,0.011764705882352941,0.0,,31.0,0.12916666666666668,0.0,,6.0,0.06382978723404255,17.0,0.08629441624365482,8.0,0.09411764705882353,8.0,0.07476635514018691,1.0,0.2,15.0,0.08522727272727272,2.0,0.09523809523809523,63.0,0.0618860510805501,21.0,0.04093567251461988,42.0,0.08316831683168317,17.0,0.06159420289855073,0.0,0.0,21.0,0.041176470588235294,22.0,0.10476190476190476,1.0,1.0,0.0,,0.0,0.0,0.0,,2.0,0.125,0.0,,145.0,1.0,0.0,,60.0,1.0,41.0,1.0,44.0,1.0,0.0,
2022,1,1,0,62.0,0.6019417475728155,11.0,0.55,51.0,0.6144578313253012,11.0,0.55,0.0,,39.0,0.6190476190476191,0.0,,12.0,0.6,33.0,0.7021276595744681,13.0,0.6842105263157895,19.0,0.76,1.0,0.3333333333333333,32.0,0.7111111111111111,1.0,0.5,112.0,0.6187845303867403,38.0,0.6785714285714286,74.0,0.592,37.0,0.5522388059701493,1.0,0.5,38.0,0.6785714285714286,35.0,0.6481481481481481,0.0,,0.0,,0.0,,0.0,,1.0,0.5,173.0,0.473972602739726,0.0,0.0,0.0,,0.0,0.0,0.0,0.0,0.0,0.0,0.0,0.0
2022,1,1,1,41.0,0.39805825242718446,9.0,0.45,32.0,0.3855421686746988,9.0,0.45,0.0,,24.0,0.38095238095238093,0.0,,8.0,0.4,14.0,0.2978723404255319,6.0,0.3157894736842105,6.0,0.24,2.0,0.6666666666666666,13.0,0.28888888888888886,1.0,0.5,69.0,0.3812154696132597,18.0,0.32142857142857145,51.0,0.408,30.0,0.44776119402985076,1.0,0.5,18.0,0.32142857142857145,19.0,0.35185185185185186,0.0,,0.0,,0.0,,0.0,,1.0,0.5,192.0,0.5260273972602739,146.0,1.0,0.0,,43.0,1.0,61.0,1.0,37.0,1.0,5.0,1.0
2023,0,0,0,4942.0,0.9081220139654539,2458.0,0.931060606060606,2484.0,0.8865096359743041,2458.0,0.931060606060606,0.0,,1090.0,0.8912510220768601,0.0,,1394.0,0.882837238758708,0.0,,0.0,,0.0,,0.0,,0.0,,0.0,,0.0,,0.0,,0.0,,0.0,,0.0,,0.0,,0.0,,0.0,,0.0,,0.0,,0.0,,0.0,,0.0,,0.0,0.0,0.0,0.0,0.0,0.0,0.0,0.0,0.0,0.0,0.0,0.0
2023,0,0,1,500.0,0.09187798603454612,182.0,0.06893939393939394,318.0,0.11349036402569593,182.0,0.06893939393939394,0.0,,133.0,0.10874897792313983,0.0,,185.0,0.11716276124129196,0.0,,0.0,,0.0,,0.0,,0.0,,0.0,,0.0,,0.0,,0.0,,0.0,,0.0,,0.0,,0.0,,0.0,,0.0,,0.0,,0.0,,0.0,,0.0,,1872.0,1.0,21.0,1.0,510.0,1.0,770.0,1.0,567.0,1.0,4.0,1.0
2023,0,1,0,1548.0,0.9105882352941177,146.0,0.9012345679012346,1402.0,0.9115734720416124,146.0,0.9012345679012346,0.0,,559.0,0.9316666666666666,0.0,,843.0,0.8987206823027718,0.0,,0.0,,0.0,,0.0,,0.0,,0.0,,0.0,,0.0,,0.0,,0.0,,0.0,,0.0,,0.0,,0.0,,0.0,,0.0,,0.0,,0.0,,3695.0,0.6764921274258513,0.0,0.0,0.0,0.0,0.0,0.0,0.0,0.0,0.0,0.0,0.0,0.0
2023,0,1,1,152.0,0.08941176470588236,16.0,0.09876543209876543,136.0,0.08842652795838751,16.0,0.09876543209876543,0.0,,41.0,0.06833333333333333,0.0,,95.0,0.10127931769722814,0.0,,0.0,,0.0,,0.0,,0.0,,0.0,,0.0,,0.0,,0.0,,0.0,,0.0,,0.0,,0.0,,0.0,,0.0,,0.0,,0.0,,0.0,,1767.0,0.32350787257414865,1437.0,1.0,18.0,1.0,309.0,1.0,711.0,1.0,390.0,1.0,9.0,1.0
2023,1,0,0,460.0,0.9603340292275574,198.0,0.9850746268656716,262.0,0.9424460431654677,198.0,0.9850746268656716,0.0,,159.0,0.9578313253012049,0.0,,103.0,0.9196428571428571,0.0,,0.0,,0.0,,0.0,,0.0,,0.0,,596.0,0.9385826771653544,281.0,0.9689655172413794,315.0,0.9130434782608695,0.0,,6.0,0.8571428571428571,281.0,0.9689655172413794,128.0,0.9481481481481482,0.0,,0.0,,0.0,,0.0,,181.0,0.8916256157635468,0.0,,0.0,0.0,0.0,0.0,0.0,0.0,0.0,0.0,0.0,0.0,0.0,0.0
2023,1,0,1,19.0,0.03966597077244259,3.0,0.014925373134328358,16.0,0.05755395683453238,3.0,0.014925373134328358,0.0,,7.0,0.04216867469879518,0.0,,9.0,0.08035714285714286,0.0,,0.0,,0.0,,0.0,,0.0,,0.0,,39.0,0.06141732283464567,9.0,0.03103448275862069,30.0,0.08695652173913043,0.0,,1.0,0.14285714285714285,9.0,0.03103448275862069,7.0,0.05185185185185185,0.0,,0.0,,0.0,,0.0,,22.0,0.10837438423645321,0.0,,56.0,1.0,4.0,1.0,30.0,1.0,12.0,1.0,6.0,1.0,4.0,1.0
2023,1,1,0,42.0,0.6774193548387096,6.0,0.8571428571428571,36.0,0.6545454545454545,6.0,0.8571428571428571,0.0,,21.0,0.8076923076923077,0.0,,15.0,0.5172413793103449,0.0,,0.0,,0.0,,0.0,,0.0,,0.0,,98.0,0.6447368421052632,22.0,0.7857142857142857,76.0,0.6129032258064516,0.0,,5.0,0.625,22.0,0.7857142857142857,34.0,0.5964912280701754,0.0,,0.0,,0.0,,0.0,,37.0,0.6271186440677966,217.0,0.47071583514099785,0.0,0.0,0.0,0.0,0.0,0.0,0.0,0.0,0.0,0.0,0.0,0.0
2023,1,1,1,20.0,0.3225806451612903,1.0,0.14285714285714285,19.0,0.34545454545454546,1.0,0.14285714285714285,0.0,,5.0,0.19230769230769232,0.0,,14.0,0.4827586206896552,0.0,,0.0,,0.0,,0.0,,0.0,,0.0,,54.0,0.35526315789473684,6.0,0.21428571428571427,48.0,0.3870967741935484,0.0,,3.0,0.375,6.0,0.21428571428571427,23.0,0.40350877192982454,0.0,,0.0,,0.0,,0.0,,22.0,0.3728813559322034,244.0,0.5292841648590022,120.0,1.0,24.0,1.0,39.0,1.0,23.0,1.0,33.0,1.0,1.0,1.0
2024,0,0,0,743.0,0.9477040816326531,246.0,0.9213483146067416,497.0,0.9613152804642167,246.0,0.9213483146067416,0.0,,235.0,0.951417004048583,0.0,,262.0,0.9703703703703703,0.0,,0.0,,0.0,,0.0,,0.0,,0.0,,0.0,,0.0,,0.0,,0.0,,0.0,,0.0,,0.0,,0.0,,0.0,,0.0,,0.0,,0.0,,0.0,,0.0,0.0,0.0,0.0,0.0,0.0,0.0,0.0,0.0,0.0,0.0,0.0
2024,0,0,1,41.0,0.05229591836734694,21.0,0.07865168539325842,20.0,0.03868471953578337,21.0,0.07865168539325842,0.0,,12.0,0.048582995951417005,0.0,,8.0,0.02962962962962963,0.0,,0.0,,0.0,,0.0,,0.0,,0.0,,0.0,,0.0,,0.0,,0.0,,0.0,,0.0,,0.0,,0.0,,0.0,,0.0,,0.0,,0.0,,0.0,,230.0,1.0,1.0,1.0,51.0,1.0,90.0,1.0,85.0,1.0,3.0,1.0
2024,0,1,0,291.0,0.9667774086378738,32.0,0.9411764705882353,259.0,0.9700374531835206,32.0,0.9411764705882353,0.0,,94.0,0.9690721649484536,0.0,,165.0,0.9705882352941176,0.0,,0.0,,0.0,,0.0,,0.0,,0.0,,0.0,,0.0,,0.0,,0.0,,0.0,,0.0,,0.0,,0.0,,0.0,,0.0,,0.0,,0.0,,1059.0,0.6976284584980237,0.0,0.0,0.0,0.0,0.0,0.0,0.0,0.0,0.0,0.0,0.0,0.0
2024,0,1,1,10.0,0.03322259136212625,2.0,0.058823529411764705,8.0,0.0299625468164794,2.0,0.058823529411764705,0.0,,3.0,0.030927835051546393,0.0,,5.0,0.029411764705882353,0.0,,0.0,,0.0,,0.0,,0.0,,0.0,,0.0,,0.0,,0.0,,0.0,,0.0,,0.0,,0.0,,0.0,,0.0,,0.0,,0.0,,0.0,,459.0,0.30237154150197626,169.0,1.0,1.0,1.0,31.0,1.0,15.0,1.0,121.0,1.0,1.0,1.0
2024,1,0,0,97.0,0.97,4.0,1.0,93.0,0.96875,4.0,1.0,0.0,,70.0,0.9722222222222222,0.0,,23.0,0.9583333333333334,0.0,,0.0,,0.0,,0.0,,0.0,,0.0,,150.0,0.9259259259259259,81.0,0.9642857142857143,69.0,0.8846153846153846,0.0,,6.0,1.0,81.0,0.9642857142857143,13.0,0.7647058823529411,0.0,,0.0,,0.0,,6.0,1.0,44.0,0.8979591836734694,0.0,,0.0,0.0,0.0,0.0,0.0,0.0,0.0,0.0,0.0,0.0,0.0,
2024,1,0,1,3.0,0.03,0.0,0.0,3.0,0.03125,0.0,0.0,0.0,,2.0,0.027777777777777776,0.0,,1.0,0.041666666666666664,0.0,,0.0,,0.0,,0.0,,0.0,,0.0,,12.0,0.07407407407407407,3.0,0.03571428571428571,9.0,0.11538461538461539,0.0,,0.0,0.0,3.0,0.03571428571428571,4.0,0.23529411764705882,0.0,,0.0,,0.0,,0.0,0.0,5.0,0.10204081632653061,0.0,,22.0,1.0,2.0,1.0,7.0,1.0,5.0,1.0,8.0,1.0,0.0,
2024,1,1,0,3.0,1.0,1.0,1.0,2.0,1.0,1.0,1.0,0.0,,1.0,1.0,0.0,,1.0,1.0,0.0,,0.0,,0.0,,0.0,,0.0,,0.0,,19.0,0.475,4.0,1.0,15.0,0.4166666666666667,0.0,,1.0,0.5,4.0,1.0,7.0,0.3684210526315789,0.0,,0.0,,0.0,,0.0,0.0,7.0,0.5833333333333334,45.0,0.40540540540540543,0.0,0.0,0.0,,0.0,0.0,0.0,0.0,0.0,0.0,0.0,
2024,1,1,1,0.0,0.0,0.0,0.0,0.0,0.0,0.0,0.0,0.0,,0.0,0.0,0.0,,0.0,0.0,0.0,,0.0,,0.0,,0.0,,0.0,,0.0,,21.0,0.525,0.0,0.0,21.0,0.5833333333333334,0.0,,1.0,0.5,0.0,0.0,12.0,0.631578947368421,0.0,,0.0,,0.0,,3.0,1.0,5.0,0.4166666666666667,66.0,0.5945945945945946,21.0,1.0,0.0,,9.0,1.0,1.0,1.0,11.0,1.0,0.0,
All Time,0,0,0,35227.0,0.8706839022220025,26274.0,0.8866466439442513,8953.0,0.8269905782375762,26274.0,0.8866466439442513,1.0,1.0,3958.0,0.8493562231759657,88.0,1.0,4906.0,0.8073062366299161,1058.0,0.8751033912324235,525.0,0.8649093904448105,431.0,0.8850102669404517,102.0,0.8869565217391304,915.0,0.8722592945662536,143.0,0.89375,0.0,,0.0,,0.0,,0.0,,0.0,,0.0,,0.0,,0.0,,0.0,,0.0,,0.0,,0.0,,0.0,,0.0,0.0,0.0,0.0,0.0,0.0,0.0,0.0,0.0,0.0,0.0,0.0
All Time,0,0,1,5232.0,0.1293160977779975,3359.0,0.11335335605574866,1873.0,0.1730094217624238,3359.0,0.11335335605574866,0.0,0.0,702.0,0.15064377682403435,0.0,0.0,1171.0,0.19269376337008393,151.0,0.12489660876757651,82.0,0.13509060955518945,56.0,0.11498973305954825,13.0,0.11304347826086956,134.0,0.12774070543374644,17.0,0.10625,0.0,,0.0,,0.0,,0.0,,0.0,,0.0,,0.0,,0.0,,0.0,,0.0,,0.0,,0.0,,0.0,,14931.0,1.0,23.0,1.0,3980.0,1.0,6081.0,1.0,4632.0,1.0,215.0,1.0
All Time,0,1,0,5069.0,0.8158699501046194,1946.0,0.8424242424242424,3123.0,0.8001537279016141,1946.0,0.8424242424242424,0.0,,1412.0,0.8233236151603499,0.0,,1711.0,0.7819926873857403,76.0,0.5846153846153846,45.0,0.569620253164557,24.0,0.5714285714285714,7.0,0.7777777777777778,69.0,0.5948275862068966,7.0,0.5,0.0,,0.0,,0.0,,0.0,,0.0,,0.0,,0.0,,0.0,,0.0,,0.0,,0.0,,0.0,,9672.0,0.6849373273847461,0.0,0.0,0.0,0.0,0.0,0.0,0.0,0.0,0.0,0.0,0.0,0.0
All Time,0,1,1,1144.0,0.18413004989538065,364.0,0.15757575757575756,780.0,0.19984627209838585,364.0,0.15757575757575756,0.0,,303.0,0.17667638483965015,0.0,,477.0,0.2180073126142596,54.0,0.4153846153846154,34.0,0.43037974683544306,18.0,0.42857142857142855,2.0,0.2222222222222222,47.0,0.4051724137931034,7.0,0.5,0.0,,0.0,,0.0,,0.0,,0.0,,0.0,,0.0,,0.0,,0.0,,0.0,,0.0,,0.0,,4449.0,0.3150626726152539,5958.0,1.0,20.0,1.0,1089.0,1.0,3341.0,1.0,1469.0,1.0,39.0,1.0
All Time,1,0,0,2835.0,0.9258654474199869,1504.0,0.9634849455477258,1331.0,0.8867421718854097,1504.0,0.9634849455477258,0.0,,626.0,0.9165446559297218,0.0,,705.0,0.8618581907090465,864.0,0.8683417085427135,325.0,0.871313672922252,459.0,0.8579439252336448,80.0,0.9195402298850575,765.0,0.864406779661017,99.0,0.9,3988.0,0.8911731843575419,2498.0,0.8889679715302491,1490.0,0.8948948948948949,399.0,0.9366197183098591,29.0,0.7837837837837838,2127.0,0.8884711779448622,807.0,0.8819672131147541,0.0,0.0,10.0,0.9090909090909091,371.0,0.8918269230769231,6.0,1.0,239.0,0.8917910447761194,0.0,,0.0,0.0,0.0,0.0,0.0,0.0,0.0,0.0,0.0,0.0,0.0,0.0
All Time,1,0,1,227.0,0.07413455258001306,57.0,0.03651505445227418,170.0,0.11325782811459027,57.0,0.03651505445227418,0.0,,57.0,0.08345534407027819,0.0,,113.0,0.13814180929095354,131.0,0.13165829145728644,48.0,0.128686327077748,76.0,0.14205607476635515,7.0,0.08045977011494253,120.0,0.13559322033898305,11.0,0.1,487.0,0.1088268156424581,312.0,0.1110320284697509,175.0,0.10510510510510511,27.0,0.06338028169014084,8.0,0.21621621621621623,267.0,0.11152882205513784,108.0,0.1180327868852459,2.0,1.0,1.0,0.09090909090909091,45.0,0.10817307692307693,0.0,0.0,29.0,0.10820895522388059,0.0,,700.0,1.0,6.0,1.0,321.0,1.0,167.0,1.0,182.0,1.0,24.0,1.0
All Time,1,1,0,215.0,0.587431693989071,35.0,0.6481481481481481,180.0,0.5769230769230769,35.0,0.6481481481481481,0.0,,85.0,0.6159420289855072,0.0,,95.0,0.5459770114942529,95.0,0.5900621118012422,33.0,0.532258064516129,58.0,0.6444444444444445,4.0,0.4444444444444444,86.0,0.5972222222222222,9.0,0.5294117647058824,334.0,0.5202492211838006,135.0,0.5,199.0,0.5349462365591398,44.0,0.5569620253164557,9.0,0.5294117647058824,125.0,0.51440329218107,101.0,0.505,0.0,,0.0,,10.0,0.37037037037037035,0.0,0.0,45.0,0.6164383561643836,500.0,0.45787545787545786,0.0,0.0,0.0,0.0,0.0,0.0,0.0,0.0,0.0,0.0,0.0,0.0
All Time,1,1,1,151.0,0.412568306010929,19.0,0.35185185185185186,132.0,0.4230769230769231,19.0,0.35185185185185186,0.0,,53.0,0.38405797101449274,0.0,,79.0,0.4540229885057471,66.0,0.40993788819875776,29.0,0.46774193548387094,32.0,0.35555555555555557,5.0,0.5555555555555556,58.0,0.4027777777777778,8.0,0.47058823529411764,308.0,0.4797507788161994,135.0,0.5,173.0,0.4650537634408602,35.0,0.4430379746835443,8.0,0.47058823529411764,118.0,0.48559670781893005,99.0,0.495,0.0,,0.0,,17.0,0.6296296296296297,3.0,1.0,28.0,0.3835616438356164,592.0,0.5421245421245421,702.0,1.0,24.0,1.0,282.0,1.0,159.0,1.0,216.0,1.0,21.0,1.0
