,Topic_0,Topic_1,Topic_2,Topic_3,Topic_4,Topic_5,Topic_6,Topic_7,Topic_8,Topic_9
0,0.05002821,0.05001276731491089,0.050014447420835495,0.5498887300491333,0.050003182142972946,0.05001862347126007,0.05000058189034462,0.05001106485724449,0.05000324547290802,0.050019145011901855
1,0.1,0.10000000149011612,0.10000000149011612,0.10000000149011612,0.10000000149011612,0.10000000149011612,0.10000000149011612,0.10000000149011612,0.10000000149011612,0.10000000149011612
2,0.010002751,0.010001222603023052,0.010002374649047852,0.01000223122537136,0.9099812507629395,0.010002244263887405,0.010001064278185368,0.010001257993280888,0.01000269502401352,0.010002902708947659
3,0.9307577,,,,,,,,,
4,0.010000493,0.01000247336924076,0.010001027025282383,0.9099821448326111,0.0100026186555624,0.010001626797020435,0.010002890601754189,0.01000207755714655,0.010003024712204933,0.010001596994698048
5,0.012502462,0.012504086829721928,0.012501990422606468,0.01250146422535181,0.012501751072704792,0.012501655146479607,0.01250399649143219,0.8874781727790833,0.012501685880124569,0.012502734549343586
6,0.9678517,,,,,,,,,
7,0.1,0.10000000149011612,0.10000000149011612,0.10000000149011612,0.10000000149011612,0.10000000149011612,0.10000000149011612,0.10000000149011612,0.10000000149011612,0.10000000149011612
8,0.012504903,0.012504948303103447,0.012504801154136658,0.012502100318670273,0.01250826008617878,0.012503141537308693,0.012502660043537617,0.012502295896410942,0.012505599297583103,0.8874613046646118
9,0.020000985,0.02000262215733528,0.020004630088806152,0.020001400262117386,0.020004352554678917,0.02000393718481064,0.8199745416641235,0.020001765340566635,0.02000311017036438,0.02000269666314125
10,0.016669273,0.01667017489671707,0.016669655218720436,0.01667052134871483,0.016672460362315178,0.8499669432640076,0.016669273376464844,0.016667794436216354,0.01667308434844017,0.016670793294906616
11,0.9549827,,,,,,,,,
12,0.9181623,,,,,,,,,
13,0.02500238,0.025001203641295433,0.025004016235470772,0.025003254413604736,0.025004224851727486,0.025001203641295433,0.025002602487802505,0.025005247443914413,0.7749742269515991,0.02500162087380886
14,0.89998853,0.011112461797893047,0.011112271808087826,0.011112991720438004,0.011112128384411335,0.011112082749605179,0.011112664826214314,0.01111249253153801,0.011112249456346035,0.01111205667257309
15,0.011114251,0.011114695109426975,0.011113652028143406,0.011113185435533524,0.011113080196082592,0.011113056913018227,0.8999766707420349,0.011114242486655712,0.01111286599189043,0.011114299297332764
16,0.92498213,,,,,,,,,
17,0.012501158,0.012503388337790966,0.01250242069363594,0.012502968311309814,0.012501931749284267,0.012501794844865799,0.012505607679486275,0.012502886354923248,0.8874760270118713,0.012501782737672329
18,0.9181601,,,,,,,,,
19,0.014287285,0.014290785416960716,0.014286928810179234,0.014288045465946198,0.014287259429693222,0.01428844965994358,0.8714032769203186,0.014291924424469471,0.01428870391100645,0.014287356287240982
20,0.9399867,,,,,,,,,
21,0.0142879775,0.014287558384239674,0.014287307858467102,0.014288821257650852,0.01428913976997137,0.014287730678915977,0.8714093565940857,0.014287412166595459,0.014287438243627548,0.01428724080324173
22,0.016669689,0.016670580953359604,0.016669973731040955,0.01666930317878723,0.01667019911110401,0.01667414791882038,0.016670485958456993,0.0166726466268301,0.01666947267949581,0.8499634861946106
23,0.020001613,0.8199720978736877,0.020003294572234154,0.020008066669106483,0.020001621916890144,0.020001813769340515,0.020006177946925163,0.02000162936747074,0.020002273842692375,0.020001430064439774
24,0.014287309,0.014287714846432209,0.014287605881690979,0.014287368394434452,0.014287030324339867,0.014287717640399933,0.8714123964309692,0.014286883175373077,0.014288045465946198,0.014287921600043774
25,0.94704854,,,,,,,,,
26,0.02000315,0.020003484562039375,0.020003370940685272,0.020001277327537537,0.020002325996756554,0.8199708461761475,0.020002780482172966,0.02000555209815502,0.020002935081720352,0.02000425010919571
27,0.02000515,0.020012402907013893,0.020004820078611374,0.020001234486699104,0.8199371695518494,0.020003091543912888,0.02000589109957218,0.02001076377928257,0.020011132583022118,0.02000834420323372
28,0.89998424,0.011112682521343231,0.011112370528280735,0.01111206877976656,0.011112583801150322,0.011111940257251263,0.011112499050796032,0.011114761233329773,0.011112811975181103,0.011114049702882767
29,0.012501666,0.01250303816050291,0.012506811879575253,0.012501979246735573,0.012501133605837822,0.012502724304795265,0.012501259334385395,0.012501569464802742,0.012501683086156845,0.8874781131744385
30,0.94999,,,,,,,,,
31,0.014287371,0.014293286949396133,0.8713857531547546,0.014290588907897472,0.014290968887507915,0.014287633821368217,0.01429431326687336,0.014291622675955296,0.014289951883256435,0.01428854838013649
32,0.011111987,0.8999852538108826,0.011114217340946198,0.011112527921795845,0.011112052015960217,0.01111232303082943,0.011113207787275314,0.011112933978438377,0.011113365180790424,0.011112138628959656
33,0.9812457,,,,,,,,,
34,0.93570274,,,,,,,,,
35,0.050001282,0.05000569298863411,0.05000128224492073,0.050001297146081924,0.5499346852302551,0.050038740038871765,0.05000801756978035,0.05000641569495201,0.05000128224492073,0.05000128224492073
36,0.0250016,0.02500300295650959,0.025007162243127823,0.025003395974636078,0.02500401996076107,0.02500154823064804,0.7749673128128052,0.02500411868095398,0.025004757568240166,0.02500312030315399
37,0.9678508,,,,,,,,,
38,0.011113535,0.38903331756591797,0.011113076470792294,0.011112472973763943,0.011112304404377937,0.011112368665635586,0.011113789863884449,0.5220633745193481,0.011112608015537262,0.011113169603049755
39,0.020002935,0.020005950704216957,0.020003562793135643,0.020002471283078194,0.020001450553536415,0.020004021003842354,0.020001718774437904,0.8199723362922668,0.020002689212560654,0.020002907142043114
40,0.1,0.10000000149011612,0.10000000149011612,0.10000000149011612,0.10000000149011612,0.10000000149011612,0.10000000149011612,0.10000000149011612,0.10000000149011612,0.10000000149011612
41,0.9357025,,,,,,,,,
42,0.02000777,0.02000429853796959,0.02000216208398342,0.020004378631711006,0.020005209371447563,0.020004037767648697,0.020004821941256523,0.02000289596617222,0.020007304847240448,0.8199571371078491
43,0.8499775,0.01667138934135437,0.016667991876602173,0.016667991876602173,0.016667991876602173,0.016670377925038338,0.01666806824505329,0.01667162962257862,0.016667991876602173,0.016669107601046562
44,0.020002851,0.02000199817121029,0.8199723958969116,0.02000225894153118,0.020002329722046852,0.020007722079753876,0.020002031698822975,0.020001625642180443,0.020003506913781166,0.02000328339636326
45,0.1,0.10000000149011612,0.10000000149011612,0.10000000149011612,0.10000000149011612,0.10000000149011612,0.10000000149011612,0.10000000149011612,0.10000000149011612,0.10000000149011612
46,0.97352576,,,,,,,,,
47,0.1,0.10000000149011612,0.10000000149011612,0.10000000149011612,0.10000000149011612,0.10000000149011612,0.10000000149011612,0.10000000149011612,0.10000000149011612,0.10000000149011612
48,0.012501163,0.012501321732997894,0.8874832391738892,0.01250116340816021,0.012503006495535374,0.012501556426286697,0.012502942234277725,0.012501600198447704,0.012501927092671394,0.012502085417509079
49,0.96896124,,,,,,,,,
50,0.1,0.10000000149011612,0.10000000149011612,0.10000000149011612,0.10000000149011612,0.10000000149011612,0.10000000149011612,0.10000000149011612,0.10000000149011612,0.10000000149011612
51,0.1,0.10000000149011612,0.10000000149011612,0.10000000149011612,0.10000000149011612,0.10000000149011612,0.10000000149011612,0.10000000149011612,0.10000000149011612,0.10000000149011612
52,0.1,0.10000000149011612,0.10000000149011612,0.10000000149011612,0.10000000149011612,0.10000000149011612,0.10000000149011612,0.10000000149011612,0.10000000149011612,0.10000000149011612
53,0.9470465,,,,,,,,,
54,0.96086055,,,,,,,,,
55,0.1,0.10000000149011612,0.10000000149011612,0.10000000149011612,0.10000000149011612,0.10000000149011612,0.10000000149011612,0.10000000149011612,0.10000000149011612,0.10000000149011612
56,0.1,0.10000000149011612,0.10000000149011612,0.10000000149011612,0.10000000149011612,0.10000000149011612,0.10000000149011612,0.10000000149011612,0.10000000149011612,0.10000000149011612
57,0.1,0.10000000149011612,0.10000000149011612,0.10000000149011612,0.10000000149011612,0.10000000149011612,0.10000000149011612,0.10000000149011612,0.10000000149011612,0.10000000149011612
58,0.1,0.10000000149011612,0.10000000149011612,0.10000000149011612,0.10000000149011612,0.10000000149011612,0.10000000149011612,0.10000000149011612,0.10000000149011612,0.10000000149011612
59,0.89998794,0.011112366802990437,0.011112228967249393,0.011111785657703876,0.011112496256828308,0.01111271046102047,0.011111807078123093,0.011113041080534458,0.011113121174275875,0.01111254096031189
60,0.94704556,,,,,,,,,
61,0.8714139,0.014286666177213192,0.014288327656686306,0.014287414960563183,0.014287984929978848,0.014288338832557201,0.014286824502050877,0.014286428689956665,0.014286806806921959,0.014287334866821766
62,0.94999254,,,,,,,,,
63,0.1,0.10000000149011612,0.10000000149011612,0.10000000149011612,0.10000000149011612,0.10000000149011612,0.10000000149011612,0.10000000149011612,0.10000000149011612,0.10000000149011612
64,0.1,0.10000000149011612,0.10000000149011612,0.10000000149011612,0.10000000149011612,0.10000000149011612,0.10000000149011612,0.10000000149011612,0.10000000149011612,0.10000000149011612
65,0.020003768,0.020007535815238953,0.02000686526298523,0.02000194974243641,0.020006513223052025,0.02000194974243641,0.020004110410809517,0.8199604749679565,0.02000383287668228,0.02000300958752632
66,0.03333668,0.6999784708023071,0.03333420678973198,0.03333498165011406,0.03333670273423195,0.033335454761981964,0.03333493694663048,0.03333420678973198,0.03333750367164612,0.03333686664700508
67,0.93076015,,,,,,,,,
68,0.9249901,,,,,,,,,
69,0.947052,,,,,,,,,
70,0.9249837,,,,,,,,,
71,0.012501299,0.012501029297709465,0.01250120997428894,0.012500937096774578,0.8874857425689697,0.012503153644502163,0.012501748278737068,0.01250144187361002,0.012500920332968235,0.012502502650022507
72,0.8874812,0.012503081001341343,0.012503148056566715,0.012500982731580734,0.012502373196184635,0.012502217665314674,0.012500922195613384,0.012501169927418232,0.012502488680183887,0.012502418830990791
73,0.9499911,,,,,,,,,
74,0.9357041,,,,,,,,,
75,0.1,0.10000000149011612,0.10000000149011612,0.10000000149011612,0.10000000149011612,0.10000000149011612,0.10000000149011612,0.10000000149011612,0.10000000149011612,0.10000000149011612
76,0.011113547,0.011114648543298244,0.011113494634628296,0.01111331582069397,0.01111323107033968,0.011112665757536888,0.011113704182207584,0.011112276464700699,0.8999794125556946,0.011113645508885384
77,0.012502576,0.012503640726208687,0.012503628619015217,0.012500764802098274,0.012503845617175102,0.012502187862992287,0.8874744772911072,0.012502345256507397,0.012504599057137966,0.01250188983976841
78,0.020002093,0.020003726705908775,0.020002365112304688,0.020001452416181564,0.020002100616693497,0.020001452416181564,0.020001452416181564,0.020001452416181564,0.8199818730354309,0.020002050325274467
79,0.1,0.10000000149011612,0.10000000149011612,0.10000000149011612,0.10000000149011612,0.10000000149011612,0.10000000149011612,0.10000000149011612,0.10000000149011612,0.10000000149011612
80,0.95262295,,,,,,,,,
81,0.9799963,,,,,,,,,
82,0.1,0.10000000149011612,0.10000000149011612,0.10000000149011612,0.10000000149011612,0.10000000149011612,0.10000000149011612,0.10000000149011612,0.10000000149011612,0.10000000149011612
83,0.7749405,0.025004612281918526,0.025009609758853912,0.025008834898471832,0.025006534531712532,0.02501518838107586,0.02500181458890438,0.02500244230031967,0.025005493313074112,0.02500501461327076
84,0.1,0.10000000149011612,0.10000000149011612,0.10000000149011612,0.10000000149011612,0.10000000149011612,0.10000000149011612,0.10000000149011612,0.10000000149011612,0.10000000149011612
85,0.1,0.10000000149011612,0.10000000149011612,0.10000000149011612,0.10000000149011612,0.10000000149011612,0.10000000149011612,0.10000000149011612,0.10000000149011612,0.10000000149011612
86,0.9249905,,,,,,,,,
87,0.9399861,,,,,,,,,
88,0.0125055555,0.012501836754381657,0.17613273859024048,0.012502007186412811,0.7238392233848572,0.012502755969762802,0.012503006495535374,0.01250226330012083,0.01250645611435175,0.012504132464528084
89,0.03333617,0.03334325924515724,0.03333892300724983,0.03334371745586395,0.03333652764558792,0.03334023803472519,0.0333404615521431,0.03333680331707001,0.03333617001771927,0.699947714805603
90,0.1,0.10000000149011612,0.10000000149011612,0.10000000149011612,0.10000000149011612,0.10000000149011612,0.10000000149011612,0.10000000149011612,0.10000000149011612,0.10000000149011612
91,0.025006926,0.025002002716064453,0.02500872127711773,0.025002237409353256,0.02500320039689541,0.7749670147895813,0.02500232867896557,0.02500240132212639,0.025001762434840202,0.02500344067811966
92,0.050004307,0.05000430718064308,0.05001882463693619,0.5499217510223389,0.05000430718064308,0.05000430718064308,0.050029315054416656,0.05000430718064308,0.05000430718064308,0.05000430718064308
93,0.025004247,0.025002898648381233,0.025004299357533455,0.025002898648381233,0.025006327778100967,0.025002898648381233,0.025002898648381233,0.02500598132610321,0.025004293769598007,0.7749632596969604
94,0.033347055,0.03333654999732971,0.033338818699121475,0.0333348773419857,0.03333685174584389,0.03333883360028267,0.03334568440914154,0.033341966569423676,0.0333348773419857,0.6999444961547852
95,0.9181721,,,,,,,,,
96,0.91816884,,,,,,,,,
97,0.01111264,0.011112457141280174,0.011112729087471962,0.011112634092569351,0.011113476008176804,0.8999813795089722,0.011112255044281483,0.011114265769720078,0.011113169603049755,0.011115007102489471
98,0.020001661,0.02000178024172783,0.020001661032438278,0.02000207081437111,0.02000180073082447,0.8199824690818787,0.020001661032438278,0.0200019720941782,0.02000180445611477,0.020003151148557663
99,0.96399343,,,,,,,,,
100,0.010002089,0.010001874528825283,0.010003007017076015,0.010002579540014267,0.010001447051763535,0.010004528798162937,0.01000264659523964,0.010001469403505325,0.010001636110246181,0.9099787473678589
101,0.033334367,0.03335021063685417,0.0333406962454319,0.03333958238363266,0.03333453834056854,0.033343832939863205,0.6999524235725403,0.03333436697721481,0.03333436697721481,0.033335573971271515
102,0.9181559,,,,,,,,,
103,0.9181639,,,,,,,,,
104,0.94705176,,,,,,,,,
105,0.1,0.10000000149011612,0.10000000149011612,0.10000000149011612,0.10000000149011612,0.10000000149011612,0.10000000149011612,0.10000000149011612,0.10000000149011612,0.10000000149011612
106,0.1,0.10000000149011612,0.10000000149011612,0.10000000149011612,0.10000000149011612,0.10000000149011612,0.10000000149011612,0.10000000149011612,0.10000000149011612,0.10000000149011612
107,0.9399868,,,,,,,,,
108,0.9590863,,,,,,,,,
109,0.033338476,0.03333787992596626,0.03333441913127899,0.6999630331993103,0.033348798751831055,0.03333435580134392,0.03333435580134392,0.03333435580134392,0.03333734720945358,0.03333699330687523
110,0.011113315,0.01111278310418129,0.011113149113953114,0.011112875305116177,0.011112362146377563,0.011113036423921585,0.011112282983958721,0.8999843597412109,0.011111983098089695,0.011113877408206463
111,0.9399944,,,,,,,,,
112,0.1,0.10000000149011612,0.10000000149011612,0.10000000149011612,0.10000000149011612,0.10000000149011612,0.10000000149011612,0.10000000149011612,0.10000000149011612,0.10000000149011612
113,0.9307597,,,,,,,,,
114,0.9437414,,,,,,,,,
115,0.1,0.10000000149011612,0.10000000149011612,0.10000000149011612,0.10000000149011612,0.10000000149011612,0.10000000149011612,0.10000000149011612,0.10000000149011612,0.10000000149011612
116,0.1,0.10000000149011612,0.10000000149011612,0.10000000149011612,0.10000000149011612,0.10000000149011612,0.10000000149011612,0.10000000149011612,0.10000000149011612,0.10000000149011612
117,0.011112734,0.01111317053437233,0.011113753542304039,0.011113567277789116,0.01111248042434454,0.01111270859837532,0.899982750415802,0.011112857609987259,0.011112838052213192,0.011113142594695091
118,0.033336133,0.033336132764816284,0.6999692320823669,0.033336132764816284,0.033336132764816284,0.03333877772092819,0.033336132764816284,0.03333906829357147,0.033336132764816284,0.033336132764816284
119,0.1,0.10000000149011612,0.10000000149011612,0.10000000149011612,0.10000000149011612,0.10000000149011612,0.10000000149011612,0.10000000149011612,0.10000000149011612,0.10000000149011612
120,0.9894096,,,,,,,,,
121,0.9399896,,,,,,,,,
122,0.1,0.10000000149011612,0.10000000149011612,0.10000000149011612,0.10000000149011612,0.10000000149011612,0.10000000149011612,0.10000000149011612,0.10000000149011612,0.10000000149011612
123,0.9653807,,,,,,,,,
124,0.033334684,0.03333468362689018,0.03333468362689018,0.03333468362689018,0.03334018588066101,0.03333468362689018,0.03333468362689018,0.6999823451042175,0.03333468362689018,0.03333468362689018
125,0.1,0.10000000149011612,0.10000000149011612,0.10000000149011612,0.10000000149011612,0.10000000149011612,0.10000000149011612,0.10000000149011612,0.10000000149011612,0.10000000149011612
126,0.9307647,,,,,,,,,
127,0.9181725,,,,,,,,,
128,0.93570536,,,,,,,,,
129,0.98783547,,,,,,,,,
130,0.95713747,,,,,,,,,
131,0.9624964,,,,,,,,,
132,0.9718706,,,,,,,,,
133,0.1,0.10000000149011612,0.10000000149011612,0.10000000149011612,0.10000000149011612,0.10000000149011612,0.10000000149011612,0.10000000149011612,0.10000000149011612,0.10000000149011612
134,0.012503053,0.012503012083470821,0.012501996010541916,0.012502274475991726,0.012501777149736881,0.012502714060246944,0.012505137361586094,0.01250458788126707,0.012502278201282024,0.8874731659889221
135,0.025001373,0.7749752402305603,0.025001903995871544,0.025002093985676765,0.025005176663398743,0.025001373142004013,0.025004234164953232,0.025002727285027504,0.025002919137477875,0.025002965703606606
136,0.8999861,0.011112184263765812,0.011113767512142658,0.011112472042441368,0.011112017557024956,0.011112311854958534,0.011113401502370834,0.011112408712506294,0.011112538166344166,0.011112775653600693
137,0.0111142695,0.011113476008176804,0.011115393601357937,0.011112770065665245,0.011116609908640385,0.8999655842781067,0.011117636226117611,0.011113014072179794,0.011115203611552715,0.01111601386219263
138,0.010002727,0.01000189408659935,0.010002893395721912,0.010002534836530685,0.01000186800956726,0.010003707371652126,0.0100028607994318,0.01000217255204916,0.01000270713120699,0.9099766612052917
139,0.016672468,0.01667473465204239,0.016674896702170372,0.016668252646923065,0.0166705884039402,0.016673283651471138,0.016669604927301407,0.8499504327774048,0.016673067584633827,0.016672637313604355
140,0.010000603,0.010001766495406628,0.010001704096794128,0.010001291520893574,0.010001546703279018,0.010002651251852512,0.9099839329719543,0.010002011433243752,0.010002672672271729,0.010001824237406254
141,0.012501429,0.012501015327870846,0.8874825835227966,0.012501015327870846,0.012501616030931473,0.01250259205698967,0.012503232806921005,0.01250160951167345,0.012502401135861874,0.012502539902925491
142,0.9608632,,,,,,,,,
143,0.011112661,0.011113299056887627,0.011113799177110195,0.011112682521343231,0.011113413609564304,0.011113268323242664,0.011113547720015049,0.011113189160823822,0.011113748885691166,0.899980366230011
144,0.020004865,0.02001304365694523,0.020002366974949837,0.020001815631985664,0.02000459097325802,0.8199619650840759,0.02000422030687332,0.02000078745186329,0.02000274881720543,0.020003542304039
145,0.9678461,,,,,,,,,
146,0.1,0.10000000149011612,0.10000000149011612,0.10000000149011612,0.10000000149011612,0.10000000149011612,0.10000000149011612,0.10000000149011612,0.10000000149011612,0.10000000149011612
147,0.014289053,0.014289087615907192,0.014288214966654778,0.014288347214460373,0.014288950711488724,0.014295760542154312,0.014287739992141724,0.014289296232163906,0.014289154671132565,0.8713943958282471
148,0.1,0.10000000149011612,0.10000000149011612,0.10000000149011612,0.10000000149011612,0.10000000149011612,0.10000000149011612,0.10000000149011612,0.10000000149011612,0.10000000149011612
149,0.81996655,0.020002011209726334,0.020004399120807648,0.0200025737285614,0.02000430040061474,0.020010260865092278,0.020000619813799858,0.020001200959086418,0.020004918798804283,0.020003223791718483
150,0.9590812,,,,,,,,,
151,0.050012447,0.05000229924917221,0.050021540373563766,0.050009988248348236,0.05000318959355354,0.05001191422343254,0.05000229924917221,0.5498934984207153,0.05001279339194298,0.05003003776073456
152,0.1,0.10000000149011612,0.10000000149011612,0.10000000149011612,0.10000000149011612,0.10000000149011612,0.10000000149011612,0.10000000149011612,0.10000000149011612,0.10000000149011612
153,0.1,0.10000000149011612,0.10000000149011612,0.10000000149011612,0.10000000149011612,0.10000000149011612,0.10000000149011612,0.10000000149011612,0.10000000149011612,0.10000000149011612
154,0.01428969,0.014294862747192383,0.01429035421460867,0.014287818223237991,0.014287195168435574,0.8713979721069336,0.014286651276051998,0.014287268742918968,0.014287256635725498,0.014290938153862953
155,0.1,0.10000000149011612,0.10000000149011612,0.10000000149011612,0.10000000149011612,0.10000000149011612,0.10000000149011612,0.10000000149011612,0.10000000149011612,0.10000000149011612
156,0.016670236,0.016669847071170807,0.016669802367687225,0.016669686883687973,0.8499758839607239,0.01667114719748497,0.0166678074747324,0.016668684780597687,0.01666797697544098,0.016668904572725296
157,0.1,0.10000000149011612,0.10000000149011612,0.10000000149011612,0.10000000149011612,0.10000000149011612,0.10000000149011612,0.10000000149011612,0.10000000149011612,0.10000000149011612
158,0.1,0.10000000149011612,0.10000000149011612,0.10000000149011612,0.10000000149011612,0.10000000149011612,0.10000000149011612,0.10000000149011612,0.10000000149011612,0.10000000149011612
159,0.1,0.10000000149011612,0.10000000149011612,0.10000000149011612,0.10000000149011612,0.10000000149011612,0.10000000149011612,0.10000000149011612,0.10000000149011612,0.10000000149011612
160,0.1,0.10000000149011612,0.10000000149011612,0.10000000149011612,0.10000000149011612,0.10000000149011612,0.10000000149011612,0.10000000149011612,0.10000000149011612,0.10000000149011612
161,0.9307581,,,,,,,,,
162,0.9639912,,,,,,,,,
163,0.9526198,,,,,,,,,
164,0.930755,,,,,,,,,
165,0.010003466,0.010001657530665398,0.010003773495554924,0.010001086629927158,0.010001659393310547,0.010002540424466133,0.010001232847571373,0.010000856593251228,0.909980833530426,0.010002927854657173
166,0.016669093,0.016667800024151802,0.016669193282723427,0.016668865457177162,0.016668545082211494,0.016668042168021202,0.016667800024151802,0.849982500076294,0.016669100150465965,0.016669047996401787
167,0.012502584,0.012501375749707222,0.012501324526965618,0.012502527795732021,0.012501459568738937,0.012508259154856205,0.012501556426286697,0.012503094039857388,0.8874757289886475,0.01250214222818613
168,0.010001115,0.010001237504184246,0.010001052170991898,0.010001236572861671,0.010001195594668388,0.010001088492572308,0.010000920854508877,0.9099885821342468,0.010002020746469498,0.010001571848988533
169,0.9249874,,,,,,,,,
170,0.95261985,,,,,,,,,
171,0.010002106,0.010002316907048225,0.010002278722822666,0.010001776739954948,0.01000214647501707,0.010005608201026917,0.9099767208099365,0.010002430528402328,0.010001122020184994,0.01000348199158907
172,0.9357047,,,,,,,,,
173,0.011112061,0.01111330185085535,0.011112645268440247,0.011111968196928501,0.01111218798905611,0.011112107895314693,0.011113101616501808,0.8999876976013184,0.011112416163086891,0.011112505570054054
174,0.01666831,0.01666906662285328,0.01666765846312046,0.01666824147105217,0.016667800024151802,0.01666765846312046,0.8499851226806641,0.01666872948408127,0.016669105738401413,0.01666831783950329
175,0.9526163,,,,,,,,,
176,0.010001583,0.7680906057357788,0.010002362541854382,0.010001340880990028,0.010003404691815376,0.0100015290081501,0.15189190208911896,0.010002006776630878,0.01000215858221054,0.01000309456139803
177,0.03333589,0.03334036469459534,0.033335890620946884,0.033335890620946884,0.033335890620946884,0.033335890620946884,0.699969470500946,0.033335890620946884,0.033335890620946884,0.033338889479637146
178,0.020002762,0.02000417187809944,0.020006582140922546,0.02000311389565468,0.020004745572805405,0.020004557445645332,0.8199655413627625,0.020001687109470367,0.020003030076622963,0.020003799349069595
179,0.010001183,0.010001271031796932,0.01000099815428257,0.010001475922763348,0.9099858403205872,0.010000953450798988,0.010000906884670258,0.010001212358474731,0.01000392995774746,0.010002235881984234
180,0.012501316,0.012501553632318974,0.012502801604568958,0.01250132080167532,0.01250461395829916,0.012505228631198406,0.012504130601882935,0.012501324526965618,0.01250365749001503,0.8874740600585938
181,0.011114717,0.8999758958816528,0.011113587766885757,0.011113748885691166,0.011114244349300861,0.011113322339951992,0.01111264806240797,0.011114024557173252,0.011113579384982586,0.011114255525171757
182,0.1,0.10000000149011612,0.10000000149011612,0.10000000149011612,0.10000000149011612,0.10000000149011612,0.10000000149011612,0.10000000149011612,0.10000000149011612,0.10000000149011612
183,0.016670663,0.016669971868395805,0.01666867919266224,0.016670959070324898,0.01667076349258423,0.016671523451805115,0.36442163586616516,0.01666906662285328,0.016673389822244644,0.5022133588790894
184,0.9357052,,,,,,,,,
185,0.99108636,,,,,,,,,
186,0.9689606,,,,,,,,,
187,0.011113201,0.011112004518508911,0.011112591251730919,0.011112306267023087,0.01111169159412384,0.011112327687442303,0.8999873995780945,0.011113080196082592,0.011112718842923641,0.011112726293504238
188,0.9307599,,,,,,,,,
189,0.1,0.10000000149011612,0.10000000149011612,0.10000000149011612,0.10000000149011612,0.10000000149011612,0.10000000149011612,0.10000000149011612,0.10000000149011612,0.10000000149011612
190,0.1,0.10000000149011612,0.10000000149011612,0.10000000149011612,0.10000000149011612,0.10000000149011612,0.10000000149011612,0.10000000149011612,0.10000000149011612,0.10000000149011612
191,0.01250146,0.01250265259295702,0.01250186376273632,0.012501410208642483,0.01250072568655014,0.012504616752266884,0.8874825835227966,0.012501228600740433,0.01250111311674118,0.012502345256507397
192,0.1,0.10000000149011612,0.10000000149011612,0.10000000149011612,0.10000000149011612,0.10000000149011612,0.10000000149011612,0.10000000149011612,0.10000000149011612,0.10000000149011612
193,0.1,0.10000000149011612,0.10000000149011612,0.10000000149011612,0.10000000149011612,0.10000000149011612,0.10000000149011612,0.10000000149011612,0.10000000149011612,0.10000000149011612
194,0.011112022,0.011113178916275501,0.011114373803138733,0.011113891378045082,0.8999752998352051,0.011113091371953487,0.011115354485809803,0.011116629466414452,0.011113001964986324,0.011113181710243225
195,0.1,0.10000000149011612,0.10000000149011612,0.10000000149011612,0.10000000149011612,0.10000000149011612,0.10000000149011612,0.10000000149011612,0.10000000149011612,0.10000000149011612
196,0.9399915,,,,,,,,,
197,0.9357037,,,,,,,,,
198,0.016668683,0.016669299453496933,0.01667306199669838,0.8499687314033508,0.016667816787958145,0.016676073893904686,0.016668090596795082,0.016669081524014473,0.016669686883687973,0.016669463366270065
199,0.02500483,0.025001540780067444,0.02500634267926216,0.025002174079418182,0.025005104020237923,0.7749291062355042,0.025011662393808365,0.025018416345119476,0.02501608431339264,0.025004765018820763
200,0.010002202,0.010001559741795063,0.010002480819821358,0.01000131480395794,0.010002326220273972,0.010003789328038692,0.010001418180763721,0.010001800954341888,0.010002161376178265,0.9099810123443604
201,0.8499797,0.01666887477040291,0.01666845940053463,0.01666918955743313,0.016668042168021202,0.016669807955622673,0.01666887104511261,0.016669152304530144,0.01666897162795067,0.016668906435370445
202,0.012504353,0.012502179481089115,0.012502691708505154,0.012504594400525093,0.012504186481237411,0.8874660730361938,0.01250171847641468,0.012509370222687721,0.012501146644353867,0.012503653764724731
203,0.01250189,0.012504645623266697,0.012501823715865612,0.012501596473157406,0.012501237913966179,0.6225504279136658,0.012501454912126064,0.2774292528629303,0.012503712438046932,0.01250392198562622
204,0.0142868385,0.014286788180470467,0.014288128353655338,0.014287741854786873,0.014288743957877159,0.8714107871055603,0.014287480153143406,0.014287869445979595,0.014287708327174187,0.014287914149463177
205,0.97631097,,,,,,,,,
206,0.1,0.10000000149011612,0.10000000149011612,0.10000000149011612,0.10000000149011612,0.10000000149011612,0.10000000149011612,0.10000000149011612,0.10000000149011612,0.10000000149011612
207,0.9249876,,,,,,,,,
208,0.1,0.10000000149011612,0.10000000149011612,0.10000000149011612,0.10000000149011612,0.10000000149011612,0.10000000149011612,0.10000000149011612,0.10000000149011612,0.10000000149011612
209,0.1,0.10000000149011612,0.10000000149011612,0.10000000149011612,0.10000000149011612,0.10000000149011612,0.10000000149011612,0.10000000149011612,0.10000000149011612,0.10000000149011612
210,0.012503618,0.012503726407885551,0.012502800673246384,0.012500972487032413,0.01250422839075327,0.012505829334259033,0.012501047924160957,0.012501661665737629,0.8874733448028564,0.012502740137279034
211,0.011113375,0.011113555170595646,0.011112449690699577,0.01111267227679491,0.8999795317649841,0.011113292537629604,0.011115268804132938,0.011113007552921772,0.011113129556179047,0.011113680899143219
212,0.0111131985,0.011113434098660946,0.011113080196082592,0.01111313235014677,0.011112305335700512,0.011116553097963333,0.011112669482827187,0.8999771475791931,0.011114664375782013,0.011113869957625866
213,0.1,0.10000000149011612,0.10000000149011612,0.10000000149011612,0.10000000149011612,0.10000000149011612,0.10000000149011612,0.10000000149011612,0.10000000149011612,0.10000000149011612
214,0.1,0.10000000149011612,0.10000000149011612,0.10000000149011612,0.10000000149011612,0.10000000149011612,0.10000000149011612,0.10000000149011612,0.10000000149011612,0.10000000149011612
215,0.7482863,0.19016440212726593,,,,,,,,
216,0.1,0.10000000149011612,0.10000000149011612,0.10000000149011612,0.10000000149011612,0.10000000149011612,0.10000000149011612,0.10000000149011612,0.10000000149011612,0.10000000149011612
217,0.016668806,0.01666790060698986,0.016668127849698067,0.01666790060698986,0.016668813303112984,0.016668638214468956,0.8499853610992432,0.01666790060698986,0.01666790060698986,0.016668599098920822
218,0.9549912,,,,,,,,,
219,0.02500378,0.0250014029443264,0.025001877918839455,0.7749674320220947,0.02500767633318901,0.025006724521517754,0.0250014029443264,0.025003556162118912,0.025003861635923386,0.025002283975481987
220,0.1,0.10000000149011612,0.10000000149011612,0.10000000149011612,0.10000000149011612,0.10000000149011612,0.10000000149011612,0.10000000149011612,0.10000000149011612,0.10000000149011612
221,0.1,0.10000000149011612,0.10000000149011612,0.10000000149011612,0.10000000149011612,0.10000000149011612,0.10000000149011612,0.10000000149011612,0.10000000149011612,0.10000000149011612
222,0.050023787,0.05002248287200928,0.05001341924071312,0.0500003844499588,0.050004344433546066,0.050023652613162994,0.05002239719033241,0.05001245439052582,0.050025299191474915,0.5498517751693726
223,0.1,0.10000000149011612,0.10000000149011612,0.10000000149011612,0.10000000149011612,0.10000000149011612,0.10000000149011612,0.10000000149011612,0.10000000149011612,0.10000000149011612
224,0.1,0.10000000149011612,0.10000000149011612,0.10000000149011612,0.10000000149011612,0.10000000149011612,0.10000000149011612,0.10000000149011612,0.10000000149011612,0.10000000149011612
225,0.1,0.10000000149011612,0.10000000149011612,0.10000000149011612,0.10000000149011612,0.10000000149011612,0.10000000149011612,0.10000000149011612,0.10000000149011612,0.10000000149011612
226,0.010001698,0.010004310868680477,0.010001342743635178,0.010001124814152718,0.010000715963542461,0.010001926682889462,0.9099852442741394,0.010001138783991337,0.01000119373202324,0.010001279413700104
227,0.1,0.10000000149011612,0.10000000149011612,0.10000000149011612,0.10000000149011612,0.10000000149011612,0.10000000149011612,0.10000000149011612,0.10000000149011612,0.10000000149011612
228,0.9653732,,,,,,,,,
229,0.9549915,,,,,,,,,
230,0.9249819,,,,,,,,,
231,0.011114041,0.011113705113530159,0.011112998239696026,0.011112267151474953,0.011113041080534458,0.011117246001958847,0.011113053187727928,0.011112784966826439,0.011114703491330147,0.8999761343002319
232,0.012504638,0.012502097524702549,0.012503827922046185,0.012505092658102512,0.012501677498221397,0.012507105246186256,0.012501880526542664,0.012502145953476429,0.01250178087502718,0.8874697089195251
233,0.016672296,0.8499763011932373,0.01666877605021,0.016668980941176414,0.016667962074279785,0.01666870154440403,0.01666916161775589,0.01666947454214096,0.016668304800987244,0.01667003333568573
234,0.9666609,,,,,,,,,
235,0.033335432,0.03333687409758568,0.03333543241024017,0.03333543241024017,0.03333713486790657,0.03333543241024017,0.03334347903728485,0.6999675035476685,0.03333543241024017,0.03333786875009537
236,0.016672742,0.016669224947690964,0.01666862890124321,0.016668841242790222,0.01666940376162529,0.016667868942022324,0.016668980941176414,0.01667027547955513,0.8499737977981567,0.016670197248458862
237,0.1,0.10000000149011612,0.10000000149011612,0.10000000149011612,0.10000000149011612,0.10000000149011612,0.10000000149011612,0.10000000149011612,0.10000000149011612,0.10000000149011612
238,0.01250149,0.012501412071287632,0.012501360848546028,0.012502728030085564,0.012501632794737816,0.01250122208148241,0.012500946410000324,0.012501070275902748,0.8874850869178772,0.01250301394611597
239,0.014287909,0.379465788602829,0.014291797764599323,0.014287186786532402,0.014290180057287216,0.01428962592035532,0.014288287609815598,0.014288285747170448,0.014288120903074741,0.5062228441238403
240,0.95262456,,,,,,,,,
241,0.1,0.10000000149011612,0.10000000149011612,0.10000000149011612,0.10000000149011612,0.10000000149011612,0.10000000149011612,0.10000000149011612,0.10000000149011612,0.10000000149011612
242,0.012502615,0.012501412071287632,0.012504484504461288,0.012501373887062073,0.012502153404057026,0.8874828219413757,0.012501006945967674,0.012501226738095284,0.012501055374741554,0.012501840479671955
243,0.016671492,0.016670135781168938,0.8499646782875061,0.016669059172272682,0.016668543219566345,0.016678068786859512,0.016668276861310005,0.016669118776917458,0.01666886918246746,0.01667175255715847
244,0.0166695,0.0166681669652462,0.016674267128109932,0.016668597236275673,0.016667906194925308,0.8499794006347656,0.01666736789047718,0.016667461022734642,0.01666848547756672,0.016668878495693207
245,0.97427976,,,,,,,,,
246,0.93570435,,,,,,,,,
247,0.94374007,,,,,,,,,
248,0.0125020165,0.012502823024988174,0.01250216830521822,0.012501115910708904,0.012501114048063755,0.012503060512244701,0.012501952238380909,0.887479841709137,0.012503607198596,0.012502310797572136
249,0.93075305,,,,,,,,,
250,0.5499547,0.05000624433159828,0.05000392720103264,0.05000852420926094,0.05000060051679611,0.05001004412770271,0.05000060051679611,0.05000060051679611,0.05000631883740425,0.05000845342874527
251,0.050014455,0.05003013834357262,0.050009507685899734,0.05000217631459236,0.05000217631459236,0.05002328380942345,0.5498781800270081,0.05001760274171829,0.050008829683065414,0.05001361668109894
252,0.012503664,0.01250141579657793,0.8874723315238953,0.01250290498137474,0.012505510821938515,0.012505022808909416,0.012501739896833897,0.01250169426202774,0.01250113919377327,0.0125045794993639
253,0.20491715,0.7417394518852234,,,,,,,,
254,0.9849954,,,,,,,,,
255,0.939992,,,,,,,,,
256,0.010003934,0.01000314299017191,0.010005624033510685,0.010001668706536293,0.9099682569503784,0.010004056617617607,0.010002794675529003,0.010003425180912018,0.010003592818975449,0.010003517381846905
257,0.014287118,0.8714076280593872,0.014286811463534832,0.014286908321082592,0.01429111696779728,0.014287257567048073,0.014286902733147144,0.01429002359509468,0.014289088547229767,0.01428712997585535
258,0.93570244,,,,,,,,,
259,0.91816825,,,,,,,,,
260,0.95499283,,,,,,,,,
261,0.1,0.10000000149011612,0.10000000149011612,0.10000000149011612,0.10000000149011612,0.10000000149011612,0.10000000149011612,0.10000000149011612,0.10000000149011612,0.10000000149011612
262,0.93998855,,,,,,,,,
263,0.011112574,0.011112343519926071,0.011113207787275314,0.011113866232335567,0.011112498119473457,0.011112723499536514,0.01111198402941227,0.011113357730209827,0.8999844789505005,0.011112998239696026
264,0.96666104,,,,,,,,,
265,0.012503135,0.012502160854637623,0.8874748349189758,0.012501195073127747,0.012503172270953655,0.01250133290886879,0.012502552010118961,0.012501588091254234,0.012508584186434746,0.01250148843973875
266,0.9608589,,,,,,,,,
267,0.012502596,0.012504189275205135,0.012501650489866734,0.012501483783125877,0.012500838376581669,0.8874828219413757,0.012501425109803677,0.012501860037446022,0.01250085886567831,0.01250228751450777
268,0.9399823,,,,,,,,,
269,0.1,0.10000000149011612,0.10000000149011612,0.10000000149011612,0.10000000149011612,0.10000000149011612,0.10000000149011612,0.10000000149011612,0.10000000149011612,0.10000000149011612
270,0.94704956,,,,,,,,,
271,0.050006017,0.5499098300933838,0.05002649128437042,0.050006017088890076,0.050006017088890076,0.050006017088890076,0.050006017088890076,0.050006017088890076,0.050006017088890076,0.05002153292298317
272,0.947052,,,,,,,,,
273,0.1,0.10000000149011612,0.10000000149011612,0.10000000149011612,0.10000000149011612,0.10000000149011612,0.10000000149011612,0.10000000149011612,0.10000000149011612,0.10000000149011612
274,0.9181663,,,,,,,,,
275,0.9590817,,,,,,,,,
276,0.012500987,0.012501152232289314,0.012501423247158527,0.01250121183693409,0.012501782737672329,0.8874877095222473,0.012501370161771774,0.012501099146902561,0.012501229532063007,0.012501987628638744
277,0.95498693,,,,,,,,,
278,0.16349977,0.769819974899292,,,,,,,,
279,0.02500399,0.025004327297210693,0.025002727285027504,0.025001132860779762,0.025010164827108383,0.7749598622322083,0.02500457502901554,0.025003181770443916,0.02500409074127674,0.02500595711171627
280,0.1,0.10000000149011612,0.10000000149011612,0.10000000149011612,0.10000000149011612,0.10000000149011612,0.10000000149011612,0.10000000149011612,0.10000000149011612,0.10000000149011612
281,0.011114648,0.011116479523479939,0.011112932115793228,0.01111195795238018,0.01111340057104826,0.8999796509742737,0.011112681590020657,0.011112152598798275,0.01111279521137476,0.011113300919532776
282,0.014286543,0.014287331141531467,0.014287472702562809,0.01428689993917942,0.014291120693087578,0.01428698655217886,0.8714096546173096,0.014286814257502556,0.014288422651588917,0.014288746751844883
283,0.9249774,,,,,,,,,
284,0.01428727,0.01428742241114378,0.014287649653851986,0.014287562109529972,0.8714125752449036,0.014286777004599571,0.014287816360592842,0.014287060126662254,0.014288334175944328,0.014287518337368965
285,0.89997506,0.011113905347883701,0.011114378459751606,0.011113307438790798,0.011113445274531841,0.011116113513708115,0.011112849228084087,0.01111223828047514,0.01111429464071989,0.011114413850009441
286,0.01250138,0.012501676566898823,0.01250276155769825,0.8874819278717041,0.012501275166869164,0.012503650039434433,0.012501396238803864,0.012501625344157219,0.012502357363700867,0.01250192616134882
287,0.025003767,0.7749733328819275,0.025003707036376,0.02500571683049202,0.025000637397170067,0.025003738701343536,0.025003692135214806,0.025000717490911484,0.025001302361488342,0.02500336430966854
288,0.010001692,0.9099884629249573,0.010001133196055889,0.010001087561249733,0.010000876151025295,0.01000096183270216,0.01000228337943554,0.010000886395573616,0.01000145822763443,0.010001174174249172
289,0.1,0.10000000149011612,0.10000000149011612,0.10000000149011612,0.10000000149011612,0.10000000149011612,0.10000000149011612,0.10000000149011612,0.10000000149011612,0.10000000149011612
290,0.025000563,0.025001388043165207,0.025000562891364098,0.025000562891364098,0.025000562891364098,0.02500481903553009,0.774989128112793,0.025000562891364098,0.025000562891364098,0.02500126138329506
291,0.9181661,,,,,,,,,
292,0.020002868,0.02000306360423565,0.020002134144306183,0.020001212134957314,0.02000310830771923,0.8199762105941772,0.020003221929073334,0.020002400502562523,0.020002927631139755,0.020002825185656548
293,0.01111417,0.011112246662378311,0.011112778447568417,0.011112334206700325,0.011113367974758148,0.8999841809272766,0.011113028973340988,0.011112472042441368,0.011112618260085583,0.011112848296761513
294,0.9399893,,,,,,,,,
295,0.01000145,0.01000245288014412,0.0100022591650486,0.010001681745052338,0.010003785602748394,0.010001384653151035,0.010003638453781605,0.9099760055541992,0.010002771392464638,0.010004599578678608
296,0.9357017,,,,,,,,,
297,0.033335432,0.03333543241024017,0.03334895893931389,0.03334351256489754,0.03333543241024017,0.033340927213430405,0.03333543241024017,0.6999441981315613,0.03333543241024017,0.03334520384669304
298,0.7106318,0.2017906904220581,0.03755154088139534,,,,,,,
299,0.010001694,0.010001704096794128,0.9099833369255066,0.01000115368515253,0.010001995600759983,0.010001878254115582,0.010001315735280514,0.010002057999372482,0.010002036578953266,0.010002869181334972
300,0.012504594,0.012501142919063568,0.012501458637416363,0.8874815702438354,0.012501214630901814,0.012501866556704044,0.01250081043690443,0.01250225305557251,0.012502608820796013,0.012502463534474373
301,0.9181705,,,,,,,,,
302,0.012503981,0.012502741068601608,0.012502382509410381,0.012504431419074535,0.012504803948104382,0.012505420483648777,0.01250291895121336,0.8874662518501282,0.01250375434756279,0.012503350153565407
303,0.9624923,,,,,,,,,
304,0.020001207,0.02000492624938488,0.020006505772471428,0.02000391110777855,0.02000134438276291,0.020009035244584084,0.8199501037597656,0.020002705976366997,0.02000695839524269,0.020013242959976196
305,0.010000865,0.010001549497246742,0.01000126451253891,0.909986674785614,0.01000101026147604,0.010001752525568008,0.010001145303249359,0.010001246817409992,0.010001159273087978,0.010003355331718922
306,0.050002556,0.05001198127865791,0.05001420900225639,0.0500025749206543,0.050002556294202805,0.5499559044837952,0.050002556294202805,0.050002556294202805,0.050002556294202805,0.050002556294202805
307,0.010001303,0.010003423318266869,0.9099808931350708,0.010000999085605145,0.010001000948250294,0.010002920404076576,0.010002166032791138,0.010002813301980495,0.010002637282013893,0.010001836344599724
308,0.9307535,,,,,,,,,
309,0.96896,,,,,,,,,
310,0.025002435,0.02500956691801548,0.025004826486110687,0.025013886392116547,0.02500191703438759,0.7749597430229187,0.02500135265290737,0.025001535192131996,0.025001224130392075,0.025003524497151375
311,0.1,0.10000000149011612,0.10000000149011612,0.10000000149011612,0.10000000149011612,0.10000000149011612,0.10000000149011612,0.10000000149011612,0.10000000149011612,0.10000000149011612
312,0.1,0.10000000149011612,0.10000000149011612,0.10000000149011612,0.10000000149011612,0.10000000149011612,0.10000000149011612,0.10000000149011612,0.10000000149011612,0.10000000149011612
313,0.012503875,0.012502814643085003,0.012501874007284641,0.012506576254963875,0.01250786054879427,0.8874683380126953,0.012502988800406456,0.01250186562538147,0.012502061203122139,0.012501749210059643
314,0.93075967,,,,,,,,,
315,0.84209025,0.12311596423387527,,,,,,,,
316,0.1,0.10000000149011612,0.10000000149011612,0.10000000149011612,0.10000000149011612,0.10000000149011612,0.10000000149011612,0.10000000149011612,0.10000000149011612,0.10000000149011612
317,0.020003246,0.020004170015454292,0.020005227997899055,0.02000180073082447,0.02000531740486622,0.8199642896652222,0.020003097131848335,0.02000180073082447,0.02000633254647255,0.020004747435450554
318,0.95262164,,,,,,,,,
319,0.93075734,,,,,,,,,
320,0.93570167,,,,,,,,,
321,0.014288423,0.8714025616645813,0.014290857128798962,0.014288550242781639,0.014286911115050316,0.014288077130913734,0.014287181198596954,0.01428932510316372,0.014289622195065022,0.014288480393588543
322,0.9249804,,,,,,,,,
323,0.94373316,,,,,,,,,
324,0.9099863,0.010003197938203812,0.010001529939472675,0.010000975802540779,0.01000069547444582,0.010001211427152157,0.01000149268656969,0.01000138744711876,0.010001344606280327,0.010001818649470806
325,0.95713663,,,,,,,,,
326,0.9749944,,,,,,,,,
327,0.1,0.10000000149011612,0.10000000149011612,0.10000000149011612,0.10000000149011612,0.10000000149011612,0.10000000149011612,0.10000000149011612,0.10000000149011612,0.10000000149011612
328,0.011113424,0.011112723499536514,0.011114428751170635,0.01111201848834753,0.011114896275103092,0.8999733924865723,0.011113218031823635,0.011112705804407597,0.01111460942775011,0.01111855823546648
329,0.010000851,0.010000796988606453,0.01000121608376503,0.01000333484262228,0.010001025162637234,0.9099881649017334,0.01000097207725048,0.010000992566347122,0.010001316666603088,0.010001324117183685
330,0.1,0.10000000149011612,0.10000000149011612,0.10000000149011612,0.10000000149011612,0.10000000149011612,0.10000000149011612,0.10000000149011612,0.10000000149011612,0.10000000149011612
331,0.014287166,0.01428692415356636,0.014292288571596146,0.014286644756793976,0.014287724159657955,0.014287704601883888,0.014287267811596394,0.014286705292761326,0.014286644756793976,0.8714109063148499
332,0.1,0.10000000149011612,0.10000000149011612,0.10000000149011612,0.10000000149011612,0.10000000149011612,0.10000000149011612,0.10000000149011612,0.10000000149011612,0.10000000149011612
333,0.010001325,0.010001114569604397,0.010000927373766899,0.9099902510643005,0.010001145303249359,0.010000841692090034,0.01000128872692585,0.010001031681895256,0.010000544600188732,0.010001463815569878
334,0.92499006,,,,,,,,,
335,0.1,0.10000000149011612,0.10000000149011612,0.10000000149011612,0.10000000149011612,0.10000000149011612,0.10000000149011612,0.10000000149011612,0.10000000149011612,0.10000000149011612
336,0.9399833,,,,,,,,,
337,0.016668487,0.016669612377882004,0.016669010743498802,0.016667528077960014,0.016667528077960014,0.016667528077960014,0.01666976325213909,0.016669295728206635,0.016667528077960014,0.8499837517738342
338,0.016672265,0.016675546765327454,0.01666957698762417,0.01666862890124321,0.016667941585183144,0.8499734997749329,0.01666700839996338,0.016668394207954407,0.016668034717440605,0.01666906476020813
339,0.92498845,,,,,,,,,
340,0.93999296,,,,,,,,,
341,0.011112917,0.011117021553218365,0.01111457496881485,0.011117160320281982,0.011112429201602936,0.8999642133712769,0.011119337752461433,0.011114507913589478,0.011114233173429966,0.011113577522337437
342,0.91817194,,,,,,,,,
343,0.94704473,,,,,,,,,
344,0.011113721,0.011114646680653095,0.01111348532140255,0.011113015934824944,0.011112724430859089,0.011112679727375507,0.01111267227679491,0.011113746091723442,0.8999795913696289,0.011113714426755905
345,0.020001912,0.020002245903015137,0.02000158466398716,0.02000386081635952,0.020003976300358772,0.020003924146294594,0.02000466175377369,0.020001256838440895,0.819972038269043,0.02000456117093563
346,0.93998367,,,,,,,,,
347,0.020004306,0.8199532628059387,0.020003724843263626,0.020006446167826653,0.020008308812975883,0.020006760954856873,0.020001787692308426,0.020008478313684464,0.02000275067985058,0.020004186779260635
348,0.1,0.10000000149011612,0.10000000149011612,0.10000000149011612,0.10000000149011612,0.10000000149011612,0.10000000149011612,0.10000000149011612,0.10000000149011612,0.10000000149011612
349,0.1,0.10000000149011612,0.10000000149011612,0.10000000149011612,0.10000000149011612,0.10000000149011612,0.10000000149011612,0.10000000149011612,0.10000000149011612,0.10000000149011612
350,0.1,0.10000000149011612,0.10000000149011612,0.10000000149011612,0.10000000149011612,0.10000000149011612,0.10000000149011612,0.10000000149011612,0.10000000149011612,0.10000000149011612
351,0.020004196,0.020006541162729263,0.02000298723578453,0.8199711441993713,0.02000112272799015,0.020002691075205803,0.020002570003271103,0.020001692697405815,0.02000397816300392,0.020003078505396843
352,0.96784973,,,,,,,,,
353,0.020003244,0.020001932978630066,0.020003091543912888,0.02000267058610916,0.020000813528895378,0.8199806809425354,0.020000575110316277,0.020002461969852448,0.020001554861664772,0.02000291272997856
354,0.011111932,0.01111377403140068,0.011112287640571594,0.8999864459037781,0.011113154701888561,0.011111726984381676,0.011112608946859837,0.011113756336271763,0.011112330481410027,0.011112022213637829
355,0.012501513,0.88748699426651,0.012501444667577744,0.0125017911195755,0.012500627897679806,0.012501602061092854,0.012501036748290062,0.012501790188252926,0.012501263059675694,0.012501915916800499
356,0.9399924,,,,,,,,,
357,0.9249835,,,,,,,,,
358,0.918168,,,,,,,,,
359,0.0125034535,0.8874645233154297,0.012503820471465588,0.012501728720963001,0.012505227699875832,0.012506885454058647,0.012501358054578304,0.012503575533628464,0.012504655867815018,0.012504763901233673
360,0.95908386,,,,,,,,,
361,0.1,0.10000000149011612,0.10000000149011612,0.10000000149011612,0.10000000149011612,0.10000000149011612,0.10000000149011612,0.10000000149011612,0.10000000149011612,0.10000000149011612
362,0.92498934,,,,,,,,,
363,0.010003029,0.9099811911582947,0.010001949965953827,0.010001138783991337,0.010001196525990963,0.010001922026276588,0.010002769529819489,0.010002692230045795,0.01000131107866764,0.010002827271819115
364,0.011111818,0.011113068088889122,0.011112062260508537,0.011112384498119354,0.011113183572888374,0.01111373957246542,0.8999865055084229,0.011112397536635399,0.011111670173704624,0.011113111861050129
365,0.010001712,0.9099842309951782,0.01000148057937622,0.010001031681895256,0.010000709444284439,0.010003872215747833,0.01000215858221054,0.010000751353800297,0.010000895708799362,0.010003174655139446
366,0.94998807,,,,,,,,,
367,0.033345398,0.6999198198318481,0.03333637863397598,0.03335674852132797,0.03335375711321831,0.033336345106363297,0.03333524614572525,0.03333573788404465,0.03334043174982071,0.03334014117717743
368,0.9549945,,,,,,,,,
369,0.011112304,0.011113222688436508,0.011112680658698082,0.011112709529697895,0.011113218031823635,0.01111264992505312,0.011113783344626427,0.011112242937088013,0.011112942360341549,0.8999842405319214
370,0.9499875,,,,,,,,,
371,0.9357041,,,,,,,,,
372,0.03333669,0.03333669155836105,0.03333893045783043,0.03333669155836105,0.03333669155836105,0.03333688899874687,0.03333669155836105,0.6999541521072388,0.0333445779979229,0.03334195539355278
373,0.96086305,,,,,,,,,
374,0.014287219,0.014292125590145588,0.014289491809904575,0.014287451282143593,0.014290140010416508,0.014288218691945076,0.014288373291492462,0.014287550002336502,0.014288634993135929,0.8714008331298828
375,0.011115598,0.011112879030406475,0.011114468798041344,0.011113008484244347,0.011112225241959095,0.011115438304841518,0.011112470179796219,0.011114117689430714,0.011112673208117485,0.8999771475791931
376,0.9639891,,,,,,,,,
377,0.90998924,0.010001149028539658,0.010001660324633121,0.010000616312026978,0.010000638663768768,0.010001817718148232,0.010000794194638729,0.010001633316278458,0.010001174174249172,0.010001298040151596
378,0.014286996,0.014287151396274567,0.01428770087659359,0.014287667348980904,0.014288356527686119,0.01428665965795517,0.01428665965795517,0.8714139461517334,0.014287545345723629,0.014287369325757027
379,0.01666931,0.016670994460582733,0.016670675948262215,0.016674041748046875,0.016670193523168564,0.849960446357727,0.016670240089297295,0.016669986769557,0.016668876633048058,0.016675233840942383
380,0.94999284,,,,,,,,,
381,0.1,0.10000000149011612,0.10000000149011612,0.10000000149011612,0.10000000149011612,0.10000000149011612,0.10000000149011612,0.10000000149011612,0.10000000149011612,0.10000000149011612
382,0.012501914,0.012502605095505714,0.012501213699579239,0.012502065859735012,0.012502022087574005,0.012502332217991352,0.012502103112637997,0.012501701712608337,0.012502826750278473,0.8874812126159668
383,0.1,0.10000000149011612,0.10000000149011612,0.10000000149011612,0.10000000149011612,0.10000000149011612,0.10000000149011612,0.10000000149011612,0.10000000149011612,0.10000000149011612
384,0.5499672,0.05001075193285942,0.0500020794570446,0.0500020794570446,0.0500020794570446,0.0500020794570446,0.0500020794570446,0.0500020794570446,0.0500020794570446,0.050007469952106476
385,0.9181689,,,,,,,,,
386,0.010001588,0.010001587681472301,0.01000203937292099,0.010000927373766899,0.010000995360314846,0.010001267306506634,0.01000137161463499,0.010001585818827152,0.9099872708320618,0.010001338087022305
387,0.011112666,0.8999860286712646,0.011112496256828308,0.011112560518085957,0.011112465523183346,0.011112120002508163,0.011112858541309834,0.011113245971500874,0.011112511157989502,0.011113028042018414
388,0.9181626,,,,,,,,,
389,0.95908296,,,,,,,,,
390,0.014287653,0.01428731344640255,0.01428820937871933,0.01428662147372961,0.014288573525846004,0.014297449961304665,0.014289326965808868,0.014287582598626614,0.8713983297348022,0.014288931153714657
391,0.016669333,0.01667044125497341,0.01666930504143238,0.01666787825524807,0.849979817867279,0.01666967384517193,0.01666797511279583,0.01666851155459881,0.01666826754808426,0.016668790951371193
392,0.94998187,,,,,,,,,
393,0.93075967,,,,,,,,,
394,0.1,0.10000000149011612,0.10000000149011612,0.10000000149011612,0.10000000149011612,0.10000000149011612,0.10000000149011612,0.10000000149011612,0.10000000149011612,0.10000000149011612
395,0.1,0.10000000149011612,0.10000000149011612,0.10000000149011612,0.10000000149011612,0.10000000149011612,0.10000000149011612,0.10000000149011612,0.10000000149011612,0.10000000149011612
396,0.1,0.10000000149011612,0.10000000149011612,0.10000000149011612,0.10000000149011612,0.10000000149011612,0.10000000149011612,0.10000000149011612,0.10000000149011612,0.10000000149011612
397,0.014287681,0.014288452453911304,0.014288686215877533,0.014287775382399559,0.014287080615758896,0.014288180507719517,0.014288448728621006,0.014287596568465233,0.014287707395851612,0.8714084029197693
398,0.94705045,,,,,,,,,
399,0.033344973,0.03333605080842972,0.033343080431222916,0.033335112035274506,0.6999324560165405,0.0333387553691864,0.03333526849746704,0.03334159404039383,0.03335404023528099,0.03333863988518715
400,0.9181632,,,,,,,,,
401,0.95262104,,,,,,,,,
402,0.012500918,0.012501432560384274,0.012502036988735199,0.012501787394285202,0.012503356672823429,0.01250254362821579,0.012502745725214481,0.012501559220254421,0.012502158991992474,0.8874815106391907
403,0.016669076,0.016671059653162956,0.016676638275384903,0.0166682880371809,0.016668159514665604,0.016673356294631958,0.016669008880853653,0.016668541356921196,0.01666911318898201,0.8499667644500732
404,0.96086025,,,,,,,,,
405,0.9549876,,,,,,,,,
406,0.1,0.10000000149011612,0.10000000149011612,0.10000000149011612,0.10000000149011612,0.10000000149011612,0.10000000149011612,0.10000000149011612,0.10000000149011612,0.10000000149011612
407,0.94373596,,,,,,,,,
408,0.7463949,0.18086451292037964,,,,,,,,
409,0.011113095,0.011113230139017105,0.01111444178968668,0.011113256216049194,0.011115428060293198,0.01111336424946785,0.011111955158412457,0.8999757170677185,0.011114247143268585,0.011115321889519691
410,0.014290321,0.014292435720562935,0.8714061975479126,0.014287090860307217,0.014287342317402363,0.014287855476140976,0.014287029393017292,0.014287300407886505,0.01428707130253315,0.014287382364273071
411,0.016668165,0.016668105497956276,0.016667746007442474,0.016667766496539116,0.016667746007442474,0.01667015440762043,0.016667746007442474,0.01666896790266037,0.8499850034713745,0.016668595373630524
412,0.020004991,0.020010361447930336,0.02000448852777481,0.02000049129128456,0.020002471283078194,0.8199697136878967,0.020001361146569252,0.020001228898763657,0.02000352181494236,0.02000139281153679
413,0.93569934,,,,,,,,,
414,0.93998814,,,,,,,,,
415,0.93998665,,,,,,,,,
416,0.9624938,,,,,,,,,
417,0.01250311,0.012504816055297852,0.012503532692790031,0.012501914985477924,0.012502061203122139,0.012502964586019516,0.01250317320227623,0.012503067031502724,0.012502538971602917,0.8874728679656982
418,0.01666893,0.016671407967805862,0.016668561846017838,0.0166681669652462,0.016669414937496185,0.8499773144721985,0.016668982803821564,0.016668016090989113,0.016668932512402534,0.016670236364006996
419,0.9399913,,,,,,,,,
420,0.95262134,,,,,,,,,
421,0.0125023415,0.012501761317253113,0.01250168215483427,0.012501983903348446,0.01250197272747755,0.887481153011322,0.012502197176218033,0.012501884251832962,0.012501891702413559,0.012503107078373432
422,0.9861515,,,,,,,,,
423,0.9249833,,,,,,,,,
424,0.93074864,,,,,,,,,
425,0.1,0.10000000149011612,0.10000000149011612,0.10000000149011612,0.10000000149011612,0.10000000149011612,0.10000000149011612,0.10000000149011612,0.10000000149011612,0.10000000149011612
426,0.96895874,,,,,,,,,
427,0.9357054,,,,,,,,,
