Bitlink,Custom Bitlink,Date Created,Title,Long URL,Clicks for all time,Clicks for date range,Status
https://penncobaltplus.com/3vLl4Ax,https://penncobaltplus.com/ClinCardFAQ,05/05/2022,Box,https://upenn.box.com/s/mxlafo5echcubp30ru8kame54j0cc3h3?utm_source=visa+&utm_medium=clincard&utm_campaign=faq,237,7,
https://penncobaltplus.com/35r1wGN,https://penncobaltplus.com/survey,01/28/2022,,https://redcap.link/cobaltRCT?utm_source=redcap&utm_medium=screening&utm_campaign=survey,912,1,
https://penncobaltplus.com/3rser3o,https://penncobaltplus.com/clincardfaq,04/15/2022,Qualtrics Survey | Qualtrics Experience Management,https://upenn.co1.qualtrics.com/jfe/form/SV_cC6uLGeaP1g7hXM?utm_source=qualtrics&utm_medium=faq&utm_campaign=faq,2,1,
https://penncobaltplus.com/3B0hEwg,,08/31/2022,Cobalt,https://www.penncobalt.com/on-your-time/e34e65a6-7bb0-44c8-a9e6-5e61ed04a1a9?utm_source=cobalt&utm_medium=month6&utm_campaign=aug+31,8,1,
