Bitlink,Custom Bitlink,Date Created,Title,Long URL,Clicks for all time,Clicks for date range,Status
https://penncobaltplus.com/3vLl4Ax,https://penncobaltplus.com/ClinCardFAQ,05/05/2022,Box,https://upenn.box.com/s/mxlafo5echcubp30ru8kame54j0cc3h3?utm_source=visa+&utm_medium=clincard&utm_campaign=faq,241,5,
http://penncobaltplus.com/34eQu6Y,http://penncobaltplus.com/connect-with-peer,01/28/2022,Cobalt,https://www.penncobalt.com/connect-with-support?supportRoleId=COACH&immediateAccess=false&track=true&accountSourceId=PENN_KEY_SSO&utm_source=cobalt&utm_medium=coach&utm_campaign=coach,566,2,
https://penncobaltplus.com/3Hbgw9X,https://penncobaltplus.com/homepage,01/28/2022,Cobalt,https://www.penncobalt.com/?utm_source=cobalt&utm_medium=homepage&utm_campaign=homepage,244,2,
https://penncobaltplus.com/3m10V3J,,05/31/2022,Cobalt,https://www.penncobalt.com/on-your-time/74ca8a76-e46d-46a9-b411-77c3ca9352ca?utm_source=cobalt&utm_medium=monthly+3&utm_campaign=june+2022,19,2,
https://penncobaltplus.com/3G9GOYK,https://penncobaltplus.com/on-your-time,01/28/2022,Cobalt,https://www.penncobalt.com/on-your-time/6ceb326f-37be-4958-901c-63ce4ea38d94?utm_source=cobalt&utm_medium=monthly&utm_campaign=jan+2022,164,1,
https://penncobaltplus.com/3cxnXOr,,08/31/2022,Cobalt,https://www.penncobalt.com/on-your-time/4caecc24-d3fc-4760-84fc-7ff123d83968?utm_source=cobalt&utm_medium=month3&utm_campaign=aug+31,5,1,
