Bitlink,Custom Bitlink,Date Created,Title,Long URL,Clicks for all time,Clicks for date range,Status
https://penncobaltplus.com/3vLl4Ax,https://penncobaltplus.com/ClinCardFAQ,05/05/2022,Box,https://upenn.box.com/s/mxlafo5echcubp30ru8kame54j0cc3h3?utm_source=visa+&utm_medium=clincard&utm_campaign=faq,235,11,
https://penncobaltplus.com/3KSNu0T,https://penncobaltplus.com/in-the-studio,01/28/2022,Cobalt,https://www.penncobalt.com/in-the-studio?utm_source=cobalt&utm_medium=static&utm_campaign=studio,240,7,
http://penncobaltplus.com/34eQu6Y,http://penncobaltplus.com/connect-with-peer,01/28/2022,Cobalt,https://www.penncobalt.com/connect-with-support?supportRoleId=COACH&immediateAccess=false&track=true&accountSourceId=PENN_KEY_SSO&utm_source=cobalt&utm_medium=coach&utm_campaign=coach,564,1,
https://penncobaltplus.com/35r1wGN,https://penncobaltplus.com/survey,01/28/2022,,https://redcap.link/cobaltRCT?utm_source=redcap&utm_medium=screening&utm_campaign=survey,912,1,
