Bitlink,Custom Bitlink,Date Created,Title,Long URL,Clicks for all time,Clicks for date range,Status
https://penncobaltplus.com/3KSNu0T,https://penncobaltplus.com/in-the-studio,01/28/2022,Cobalt,https://www.penncobalt.com/in-the-studio?utm_source=cobalt&utm_medium=static&utm_campaign=studio,227,146,
http://penncobaltplus.com/34eQu6Y,http://penncobaltplus.com/connect-with-peer,01/28/2022,Cobalt,https://www.penncobalt.com/connect-with-support?supportRoleId=COACH&immediateAccess=false&track=true&accountSourceId=PENN_KEY_SSO&utm_source=cobalt&utm_medium=coach&utm_campaign=coach,426,58,
https://penncobaltplus.com/3Hbgw9X,https://penncobaltplus.com/homepage,01/28/2022,Cobalt,https://www.penncobalt.com/?utm_source=cobalt&utm_medium=homepage&utm_campaign=homepage,186,45,
https://penncobaltplus.com/35r1wGN,https://penncobaltplus.com/survey,01/28/2022,,https://redcap.link/cobaltRCT?utm_source=redcap&utm_medium=screening&utm_campaign=survey,895,25,
https://penncobaltplus.com/3AgJ69a,,07/01/2022,Cobalt,https://www.penncobalt.com/on-your-time/e1ce20a5-8d3f-4b41-8beb-4988f3442953?utm_source=cobalt&utm_medium=month3&utm_campaign=july+2022,24,24,
http://penncobaltplus.com/32J7q5g,http://penncobaltplus.com/connect-with-support,01/28/2022,Cobalt,https://www.penncobalt.com/connect-with-support?supportRoleId=CLINICIAN&immediateAccess=false&track=true&accountSourceId=PENN_KEY_SSO&utm_source=cobalt&utm_medium=therapist&utm_campaign=therapist,182,22,
https://penncobaltplus.com/3OTF9Mo,,05/02/2022,Cobalt,https://www.penncobalt.com/on-your-time/8e36d2bc-cb47-456f-b8d2-7936cef2056d?utm_source=cobalt&utm_medium=top&utm_campaign=may+2022,31,19,
https://penncobaltplus.com/3vLl4Ax,https://penncobaltplus.com/ClinCardFAQ,05/05/2022,Box,https://upenn.box.com/s/mxlafo5echcubp30ru8kame54j0cc3h3?utm_source=visa+&utm_medium=clincard&utm_campaign=faq,122,16,
https://penncobaltplus.com/3G9GOYK,https://penncobaltplus.com/on-your-time,01/28/2022,Cobalt,https://www.penncobalt.com/on-your-time/6ceb326f-37be-4958-901c-63ce4ea38d94?utm_source=cobalt&utm_medium=monthly&utm_campaign=jan+2022,149,12,
https://penncobaltplus.com/3nzHHDc,,07/01/2022,Cobalt,https://www.penncobalt.com/on-your-time/fd5a631c-7985-4274-a1a3-34ed5b20f13c?utm_source=cobalt&utm_medium=month3&utm_campaign=july+2022,8,8,
https://penncobaltplus.com/3OY4a8A,,07/01/2022,Cobalt,https://www.penncobalt.com/on-your-time/74ca8a76-e46d-46a9-b411-77c3ca9352ca?utm_source=cobalt&utm_medium=month3&utm_campaign=july+2022,7,7,
https://penncobaltplus.com/3AkYEbT,,07/01/2022,Cobalt,https://www.penncobalt.com/on-your-time/35c46958-be34-4ee4-b7d1-22d27e06f2c2?utm_source=cobalt&utm_medium=month6&utm_campaign=july+2022,7,7,
https://penncobaltplus.com/3GexGSC,https://penncobaltplus.com/connect-with-care,01/28/2022,Cobalt,https://www.penncobalt.com/connect-with-support?supportRoleId=PSYCHIATRIST&immediateAccess=false&track=true&accountSourceId=PENN_KEY_SSO&utm_source=cobalt&utm_medium=psych&utm_campaign=psych,36,6,
https://penncobaltplus.com/3Ak2u4Z,,07/01/2022,Cobalt,https://www.penncobalt.com/on-your-time/0091d67e-8fd9-42fd-97e9-0a8c27d9d9b0?utm_source=cobalt&utm_medium=month+6&utm_campaign=july+2022,3,3,
https://penncobaltplus.com/3zhfOoL,,07/29/2022,Cobalt,https://www.penncobalt.com/on-your-time/65871a0f-fbfc-4f0b-b165-f4804aab729f?utm_source=cobalt&utm_medium=month+6&utm_campaign=august+1,2,2,
https://penncobaltplus.com/3PWmJer,,05/31/2022,Cobalt,https://www.penncobalt.com/on-your-time/0e722b38-b101-4a8c-8a2e-f34ff19137ea?utm_source=cobalt&utm_medium=month3&utm_campaign=june+2022,3,1,
https://penncobaltplus.com/3zGEAjo,,07/29/2022,Cobalt,https://www.penncobalt.com/on-your-time/f7a6f530-cc51-4fad-9d62-b75aafbc9f52?utm_source=cobalt&utm_medium=monthly+3&utm_campaign=august+1,1,1,
