Bitlink,Custom Bitlink,Date Created,Title,Long URL,Clicks for all time,Clicks for date range,Status
https://penncobaltplus.com/35r1wGN,https://penncobaltplus.com/survey,01/28/2022,,https://redcap.link/cobaltRCT?utm_source=redcap&utm_medium=screening&utm_campaign=survey,312,312,
http://penncobaltplus.com/34eQu6Y,http://penncobaltplus.com/connect-with-peer,01/28/2022,Cobalt,https://www.penncobalt.com/connect-with-support?supportRoleId=COACH&immediateAccess=false&track=true&accountSourceId=PENN_KEY_SSO&utm_source=cobalt&utm_medium=coach&utm_campaign=coach,71,71,
http://penncobaltplus.com/32J7q5g,http://penncobaltplus.com/connect-with-support,01/28/2022,Cobalt,https://www.penncobalt.com/connect-with-support?supportRoleId=CLINICIAN&immediateAccess=false&track=true&accountSourceId=PENN_KEY_SSO&utm_source=cobalt&utm_medium=therapist&utm_campaign=therapist,25,25,
https://penncobaltplus.com/3Hbgw9X,https://penncobaltplus.com/homepage,01/28/2022,Cobalt,https://www.penncobalt.com/?utm_source=cobalt&utm_medium=homepage&utm_campaign=homepage,11,11,
https://cobaltplus.info/3rfR5Np,,01/12/2022,,https://redcap.link/cobaltRCT?utm_source=redcap&utm_medium=screening&utm_campaign=survey,6,6,
https://penncobaltplus.com/3GexGSC,https://penncobaltplus.com/connect-with-care,01/28/2022,Cobalt,https://www.penncobalt.com/connect-with-support?supportRoleId=PSYCHIATRIST&immediateAccess=false&track=true&accountSourceId=PENN_KEY_SSO&utm_source=cobalt&utm_medium=psych&utm_campaign=psych,4,4,
https://penncobaltplus.com/3AHZaic,https://penncobaltplus.com/pennkeyusername,01/28/2022,Forgot My PennKey Username,https://challengeresponse.apps.upenn.edu/challengeResponse/jsp/fast.do?fastStart=forgotMyUsername&utm_source=penn&utm_medium=pennkey&utm_campaign=username,3,3,
https://cobaltplus.info/3nivtiv,,01/13/2022,Cobalt,https://www.penncobalt.com/on-your-time/1b0621ea-0530-40e3-99e6-03a36f3c94cf?utm_source=cobalt&utm_medium=monthly&utm_campaign=jan+2022,2,2,
https://cobaltplus.info/3ffVY3A,,01/12/2022,Cobalt,https://www.penncobalt.com/connect-with-support?supportRoleId=PSYCHIATRIST&immediateAccess=false&track=true&accountSourceId=PENN_KEY_SSO&utm_source=cobalt&utm_medium=page&utm_campaign=jan+2022,2,2,
https://cobaltplus.info/31QpJov,,01/12/2022,Cobalt,https://www.penncobalt.com/connect-with-support?supportRoleId=COACH&immediateAccess=false&track=true&accountSourceId=PENN_KEY_SSO&utm_source=cobalt&utm_medium=page&utm_campaign=jan+2022,2,2,
https://penncobaltplus.com/3G9GOYK,https://penncobaltplus.com/on-your-time,01/28/2022,Cobalt,https://www.penncobalt.com/on-your-time/6ceb326f-37be-4958-901c-63ce4ea38d94?utm_source=cobalt&utm_medium=monthly&utm_campaign=jan+2022,2,2,
https://penncobaltplus.com/3g6bf7K,,01/28/2022,Cobalt,https://www.penncobalt.com/on-your-time/d7228f93-c572-4290-8378-9aae56b3d940?utm_source=cobalt&utm_medium=monthly&utm_campaign=jan+2022,2,2,
https://bit.ly/3oOwYG7,,12/13/2021,Cobalt,https://www.penncobalt.com/connect-with-support?supportRoleId=COACH&immediateAccess=false&track=true&accountSourceId=PENN_KEY_SSO,3,1,
